区市町名,町丁目名,地盤分類,建物倒壊危険度ランク,火災危険度ランク
千代田区,飯田橋１丁目,谷底低地3,2,1
千代田区,飯田橋２丁目,谷底低地3,2,1
千代田区,飯田橋３丁目,谷底低地3,1,1
千代田区,飯田橋４丁目,谷底低地3,2,1
千代田区,一番町,台地2,1,1
千代田区,岩本町１丁目,沖積低地3,3,1
千代田区,岩本町２丁目,沖積低地3,3,2
千代田区,岩本町３丁目,沖積低地3,2,1
千代田区,内神田１丁目,沖積低地2,2,1
千代田区,内神田２丁目,沖積低地2,3,1
千代田区,内神田３丁目,沖積低地2,3,2
千代田区,内幸町１丁目,沖積低地3,1,1
千代田区,内幸町２丁目,沖積低地3,1,1
千代田区,大手町１丁目,沖積低地3,1,1
千代田区,大手町２丁目,沖積低地2,1,1
千代田区,鍛冶町１丁目,沖積低地2,3,2
千代田区,鍛冶町２丁目,沖積低地2,3,1
千代田区,霞が関１丁目,沖積低地2,1,1
千代田区,霞が関２丁目,谷底低地3,1,1
千代田区,霞が関３丁目,沖積低地2,1,1
千代田区,神田相生町,沖積低地2,1,1
千代田区,神田淡路町１丁目,台地1,2,1
千代田区,神田淡路町２丁目,沖積低地2,1,1
千代田区,神田和泉町,沖積低地3,3,2
千代田区,神田岩本町,沖積低地2,2,1
千代田区,神田小川町１丁目,台地1,1,1
千代田区,神田小川町２丁目,台地1,2,1
千代田区,神田小川町３丁目,台地1,2,1
千代田区,神田鍛冶町３丁目,沖積低地2,3,1
千代田区,神田北乗物町,沖積低地2,4,1
千代田区,神田紺屋町,沖積低地2,3,2
千代田区,神田佐久間河岸,沖積低地3,2,1
千代田区,神田佐久間町１丁目,沖積低地2,2,1
千代田区,神田佐久間町２丁目,沖積低地2,3,2
千代田区,神田佐久間町３丁目,沖積低地3,3,2
千代田区,神田佐久間町４丁目,沖積低地2,3,1
千代田区,神田神保町１丁目,谷底低地3,3,1
千代田区,神田神保町２丁目,谷底低地3,3,1
千代田区,神田神保町３丁目,谷底低地3,2,1
千代田区,神田須田町１丁目,沖積低地2,3,2
千代田区,神田須田町２丁目,沖積低地2,3,1
千代田区,神田駿河台１丁目,台地1,1,1
千代田区,神田駿河台２丁目,台地1,1,1
千代田区,神田駿河台３丁目,台地1,1,1
千代田区,神田駿河台４丁目,台地1,1,1
千代田区,神田多町２丁目,沖積低地2,4,2
千代田区,神田司町２丁目,沖積低地2,3,1
千代田区,神田富山町,沖積低地2,3,2
千代田区,神田錦町１丁目,沖積低地2,2,1
千代田区,神田錦町２丁目,台地1,1,1
千代田区,神田錦町３丁目,谷底低地3,1,1
千代田区,神田西福田町,沖積低地2,3,1
千代田区,神田練塀町,沖積低地2,1,1
千代田区,神田花岡町,沖積低地2,1,1
千代田区,神田東紺屋町,沖積低地2,2,1
千代田区,神田東松下町,沖積低地2,2,1
千代田区,神田平河町,沖積低地2,3,1
千代田区,神田松永町,沖積低地2,2,1
千代田区,神田美倉町,沖積低地2,2,1
千代田区,神田美土代町,沖積低地2,2,1
千代田区,紀尾井町,台地2,1,1
千代田区,北の丸公園,台地2,1,1
千代田区,九段北１丁目,谷底低地3,1,1
千代田区,九段北２丁目,台地2,1,1
千代田区,九段北３丁目,台地2,1,1
千代田区,九段北４丁目,谷底低地2,1,1
千代田区,九段南１丁目,谷底低地3,1,1
千代田区,九段南２丁目,台地2,1,1
千代田区,九段南３丁目,台地2,2,1
千代田区,九段南４丁目,台地2,1,1
千代田区,皇居外苑,谷底低地2,1,1
千代田区,麹町１丁目,台地2,1,1
千代田区,麹町２丁目,台地2,1,1
千代田区,麹町３丁目,台地2,1,1
千代田区,麹町４丁目,台地2,1,1
千代田区,麹町５丁目,台地2,1,1
千代田区,麹町６丁目,台地2,1,1
千代田区,五番町,台地2,1,1
千代田区,神田猿楽町１丁目,台地1,1,1
千代田区,神田猿楽町２丁目,台地1,1,1
千代田区,三番町,台地2,1,1
千代田区,外神田１丁目,沖積低地2,2,1
千代田区,外神田２丁目,沖積低地2,3,1
千代田区,外神田３丁目,沖積低地2,3,2
千代田区,外神田４丁目,沖積低地2,2,1
千代田区,外神田５丁目,沖積低地2,3,2
千代田区,外神田６丁目,沖積低地2,3,1
千代田区,千代田,台地2,1,1
千代田区,永田町１丁目,台地2,1,1
千代田区,永田町２丁目,台地2,1,1
千代田区,西神田１丁目,谷底低地3,1,1
千代田区,西神田２丁目,谷底低地3,2,1
千代田区,西神田３丁目,谷底低地3,1,1
千代田区,二番町,台地2,1,1
千代田区,隼町,台地2,1,1
千代田区,東神田１丁目,沖積低地2,3,1
千代田区,東神田２丁目,沖積低地2,2,1
千代田区,東神田３丁目,沖積低地2,3,1
千代田区,一ツ橋１丁目,谷底低地3,1,1
千代田区,一ツ橋２丁目,沖積低地3,1,1
千代田区,日比谷公園,沖積低地3,1,1
千代田区,平河町１丁目,台地2,2,1
千代田区,平河町２丁目,台地2,1,1
千代田区,富士見１丁目,台地2,1,1
千代田区,富士見２丁目,台地2,1,1
千代田区,丸の内１丁目,沖積低地2,1,1
千代田区,丸の内２丁目,沖積低地3,1,1
千代田区,丸の内３丁目,沖積低地2,1,1
千代田区,神田三崎町１丁目,谷底低地3,1,1
千代田区,神田三崎町２丁目,谷底低地3,2,1
千代田区,神田三崎町３丁目,谷底低地3,1,1
千代田区,有楽町１丁目,沖積低地3,1,1
千代田区,有楽町２丁目,沖積低地2,2,1
千代田区,四番町,台地2,1,1
千代田区,六番町,台地2,1,1
中央区,明石町,沖積低地3,1,1
中央区,入船１丁目,沖積低地3,3,2
中央区,入船２丁目,沖積低地3,3,2
中央区,入船３丁目,沖積低地3,3,2
中央区,勝どき１丁目,沖積低地2,1,1
中央区,勝どき２丁目,沖積低地2,3,2
中央区,勝どき３丁目,沖積低地2,2,1
中央区,勝どき４丁目,沖積低地2,2,1
中央区,勝どき５丁目,沖積低地2,1,1
中央区,勝どき６丁目,沖積低地2,1,1
中央区,京橋１丁目,沖積低地2,1,1
中央区,京橋２丁目,沖積低地2,2,1
中央区,京橋３丁目,沖積低地2,2,1
中央区,銀座１丁目,沖積低地2,2,1
中央区,銀座２丁目,沖積低地2,2,1
中央区,銀座３丁目,沖積低地2,3,1
中央区,銀座４丁目,沖積低地2,2,1
中央区,銀座５丁目,沖積低地2,2,1
中央区,銀座６丁目,沖積低地2,2,1
中央区,銀座７丁目,沖積低地2,2,1
中央区,銀座８丁目,沖積低地2,2,1
中央区,新川１丁目,沖積低地3,2,1
中央区,新川２丁目,沖積低地3,2,1
中央区,新富１丁目,沖積低地3,3,2
中央区,新富２丁目,沖積低地3,3,2
中央区,月島１丁目,沖積低地2,4,3
中央区,月島２丁目,沖積低地2,3,2
中央区,月島３丁目,沖積低地2,4,4
中央区,月島４丁目,沖積低地2,3,2
中央区,築地１丁目,沖積低地2,1,1
中央区,築地２丁目,沖積低地2,2,1
中央区,築地３丁目,沖積低地2,2,1
中央区,築地４丁目,沖積低地2,2,2
中央区,築地５丁目,沖積低地2,1,1
中央区,築地６丁目,沖積低地2,3,2
中央区,築地７丁目,沖積低地2,3,2
中央区,佃１丁目,沖積低地2,3,2
中央区,佃２丁目,沖積低地2,2,2
中央区,佃３丁目,沖積低地2,3,2
中央区,豊海町,沖積低地3,1,1
中央区,日本橋１丁目,沖積低地3,1,1
中央区,日本橋２丁目,沖積低地3,1,1
中央区,日本橋３丁目,沖積低地3,2,1
中央区,日本橋大伝馬町,沖積低地2,2,1
中央区,日本橋蛎殻町１丁目,沖積低地3,3,2
中央区,日本橋蛎殻町２丁目,沖積低地3,2,1
中央区,日本橋兜町,沖積低地3,2,1
中央区,日本橋茅場町１丁目,沖積低地2,1,1
中央区,日本橋茅場町２丁目,沖積低地3,3,2
中央区,日本橋茅場町３丁目,沖積低地3,3,2
中央区,日本橋小網町,沖積低地2,1,1
中央区,日本橋小伝馬町,沖積低地3,3,1
中央区,日本橋小舟町,沖積低地3,3,2
中央区,日本橋富沢町,沖積低地2,2,1
中央区,日本橋中洲,沖積低地4,2,1
中央区,日本橋人形町１丁目,沖積低地2,3,2
中央区,日本橋人形町２丁目,沖積低地3,4,3
中央区,日本橋人形町３丁目,沖積低地2,3,2
中央区,日本橋箱崎町,沖積低地3,2,1
中央区,日本橋浜町１丁目,沖積低地3,3,2
中央区,日本橋浜町２丁目,沖積低地4,3,1
中央区,日本橋浜町３丁目,沖積低地4,3,2
中央区,日本橋馬喰町１丁目,沖積低地2,3,1
中央区,日本橋馬喰町２丁目,沖積低地2,2,1
中央区,日本橋久松町,沖積低地3,3,1
中央区,日本橋堀留町１丁目,沖積低地2,2,1
中央区,日本橋堀留町２丁目,沖積低地2,2,1
中央区,日本橋本石町１丁目,沖積低地2,1,1
中央区,日本橋本石町２丁目,沖積低地2,1,1
中央区,日本橋本石町３丁目,沖積低地2,1,1
中央区,日本橋本石町４丁目,沖積低地2,2,1
中央区,日本橋本町１丁目,沖積低地3,3,1
中央区,日本橋本町２丁目,沖積低地3,1,1
中央区,日本橋本町３丁目,沖積低地3,2,1
中央区,日本橋本町４丁目,沖積低地2,3,2
中央区,日本橋室町１丁目,沖積低地3,3,1
中央区,日本橋室町２丁目,沖積低地2,1,1
中央区,日本橋室町３丁目,沖積低地2,1,1
中央区,日本橋室町４丁目,沖積低地2,3,1
中央区,日本橋横山町,沖積低地2,3,2
中央区,八丁堀１丁目,沖積低地3,3,1
中央区,八丁堀２丁目,沖積低地3,3,2
中央区,八丁堀３丁目,沖積低地3,3,3
中央区,八丁堀４丁目,沖積低地3,2,1
中央区,浜離宮庭園,沖積低地3,1,1
中央区,晴海１丁目,沖積低地2,1,1
中央区,晴海２丁目,沖積低地3,1,1
中央区,晴海３丁目,沖積低地2,1,1
中央区,晴海４丁目,沖積低地2,1,1
中央区,晴海５丁目,沖積低地2,1,1
中央区,東日本橋１丁目,沖積低地3,3,1
中央区,東日本橋２丁目,沖積低地2,2,1
中央区,東日本橋３丁目,沖積低地2,3,1
中央区,湊１丁目,沖積低地3,3,2
中央区,湊２丁目,沖積低地2,3,1
中央区,湊３丁目,沖積低地2,3,2
中央区,八重洲１丁目,沖積低地2,2,1
中央区,八重洲２丁目,沖積低地2,1,1
港区,赤坂１丁目,台地2,1,1
港区,赤坂２丁目,谷底低地3,1,1
港区,赤坂３丁目,谷底低地3,2,1
港区,赤坂４丁目,台地2,1,1
港区,赤坂５丁目,台地2,1,1
港区,赤坂６丁目,台地2,1,1
港区,赤坂７丁目,谷底低地3,1,1
港区,赤坂８丁目,台地2,1,1
港区,赤坂９丁目,台地2,1,1
港区,麻布十番１丁目,谷底低地3,2,1
港区,麻布十番２丁目,谷底低地3,2,1
港区,麻布十番３丁目,谷底低地3,2,1
港区,麻布十番４丁目,谷底低地3,1,1
港区,麻布台１丁目,台地2,2,1
港区,麻布台２丁目,台地2,1,1
港区,麻布台３丁目,台地2,1,1
港区,麻布永坂町,台地2,1,1
港区,麻布狸穴町,谷底低地2,1,1
港区,愛宕１丁目,沖積低地2,1,1
港区,愛宕２丁目,沖積低地2,1,1
港区,海岸１丁目,沖積低地3,1,1
港区,海岸２丁目,沖積低地2,1,1
港区,海岸３丁目,沖積低地3,1,1
港区,北青山１丁目,台地2,1,1
港区,北青山２丁目,台地2,1,1
港区,北青山３丁目,台地2,1,1
港区,港南１丁目,沖積低地2,1,1
港区,港南２丁目,沖積低地2,1,1
港区,港南３丁目,沖積低地2,1,1
港区,港南４丁目,沖積低地3,1,1
港区,港南５丁目,沖積低地3,1,1
港区,芝１丁目,沖積低地2,2,1
港区,芝２丁目,沖積低地2,2,1
港区,芝３丁目,沖積低地2,2,2
港区,芝４丁目,沖積低地2,1,1
港区,芝５丁目,沖積低地2,2,1
港区,芝浦１丁目,沖積低地2,1,1
港区,芝浦２丁目,沖積低地3,1,1
港区,芝浦３丁目,沖積低地2,1,1
港区,芝浦４丁目,沖積低地2,1,1
港区,芝公園１丁目,沖積低地2,1,2
港区,芝公園２丁目,沖積低地2,2,1
港区,芝公園３丁目,台地2,1,1
港区,芝公園４丁目,沖積低地2,1,1
港区,芝大門１丁目,沖積低地2,2,1
港区,芝大門２丁目,沖積低地2,3,2
港区,白金１丁目,谷底低地3,3,2
港区,白金２丁目,台地2,1,1
港区,白金３丁目,谷底低地3,3,2
港区,白金４丁目,台地2,1,1
港区,白金５丁目,谷底低地3,3,2
港区,白金６丁目,谷底低地2,3,2
港区,白金台１丁目,台地2,1,1
港区,白金台２丁目,台地2,2,2
港区,白金台３丁目,台地2,1,1
港区,白金台４丁目,台地2,2,2
港区,白金台５丁目,台地2,1,1
港区,新橋１丁目,沖積低地3,2,1
港区,新橋２丁目,沖積低地3,3,2
港区,新橋３丁目,沖積低地3,4,2
港区,新橋４丁目,沖積低地3,3,2
港区,新橋５丁目,沖積低地3,3,2
港区,新橋６丁目,沖積低地2,2,1
港区,高輪１丁目,台地2,2,1
港区,高輪２丁目,沖積低地2,2,1
港区,高輪３丁目,台地2,1,1
港区,高輪４丁目,台地2,1,1
港区,虎ノ門１丁目,沖積低地2,1,1
港区,虎ノ門２丁目,台地2,1,1
港区,虎ノ門３丁目,台地2,2,1
港区,虎ノ門４丁目,台地2,1,1
港区,虎ノ門５丁目,谷底低地2,2,1
港区,西麻布１丁目,台地2,2,1
港区,西麻布２丁目,台地2,2,2
港区,西麻布３丁目,台地2,1,1
港区,西麻布４丁目,台地2,1,1
港区,西新橋１丁目,沖積低地3,2,1
港区,西新橋２丁目,沖積低地2,2,1
港区,西新橋３丁目,沖積低地2,2,1
港区,浜松町１丁目,沖積低地3,2,1
港区,浜松町２丁目,沖積低地2,2,1
港区,東麻布１丁目,谷底低地3,2,1
港区,東麻布２丁目,谷底低地3,2,1
港区,東麻布３丁目,谷底低地3,2,1
港区,東新橋１丁目,沖積低地3,1,1
港区,東新橋２丁目,沖積低地3,1,1
港区,三田１丁目,台地2,1,1
港区,三田２丁目,台地2,1,1
港区,三田３丁目,沖積低地2,1,1
港区,三田４丁目,台地2,1,1
港区,三田５丁目,谷底低地3,2,1
港区,南青山１丁目,台地2,1,1
港区,南青山２丁目,台地2,1,1
港区,南青山３丁目,台地2,2,1
港区,南青山４丁目,台地2,1,1
港区,南青山５丁目,台地2,1,1
港区,南青山６丁目,台地2,1,1
港区,南青山７丁目,台地2,1,1
港区,南麻布１丁目,谷底低地3,2,1
港区,南麻布２丁目,谷底低地3,2,1
港区,南麻布３丁目,台地2,2,1
港区,南麻布４丁目,谷底低地2,1,1
港区,南麻布５丁目,台地2,1,1
港区,元赤坂１丁目,谷底低地3,1,1
港区,元赤坂２丁目,台地2,1,1
港区,元麻布１丁目,台地2,1,1
港区,元麻布２丁目,台地2,1,1
港区,元麻布３丁目,台地2,1,1
港区,六本木１丁目,台地2,1,1
港区,六本木２丁目,谷底低地3,1,1
港区,六本木３丁目,台地2,1,1
港区,六本木４丁目,台地2,1,1
港区,六本木５丁目,台地2,1,1
港区,六本木６丁目,台地2,1,1
港区,六本木７丁目,台地2,1,1
港区,台場１丁目,沖積低地2,1,1
港区,台場２丁目,沖積低地2,1,1
新宿区,愛住町,台地2,2,2
新宿区,赤城下町,台地2,3,4
新宿区,赤城元町,台地2,2,1
新宿区,揚場町,谷底低地2,1,1
新宿区,荒木町,台地2,2,2
新宿区,市谷加賀町１丁目,台地2,1,1
新宿区,市谷加賀町２丁目,台地2,2,1
新宿区,市谷甲良町,台地2,2,1
新宿区,市谷砂土原町１丁目,谷底低地2,1,1
新宿区,市谷砂土原町２丁目,谷底低地2,1,1
新宿区,市谷砂土原町３丁目,台地2,1,1
新宿区,市谷左内町,台地2,1,1
新宿区,市谷鷹匠町,谷底低地2,1,1
新宿区,市谷田町１丁目,谷底低地2,1,1
新宿区,市谷田町２丁目,谷底低地2,1,1
新宿区,市谷田町３丁目,谷底低地2,1,1
新宿区,市谷台町,台地2,2,1
新宿区,市谷長延寺町,谷底低地2,1,1
新宿区,市谷仲之町,台地2,1,1
新宿区,市谷八幡町,谷底低地2,1,1
新宿区,市谷船河原町,谷底低地2,1,1
新宿区,市谷本村町,台地2,1,1
新宿区,市谷薬王寺町,台地2,2,2
新宿区,市谷柳町,谷底低地2,3,2
新宿区,市谷山伏町,台地2,2,2
新宿区,岩戸町,谷底低地2,2,2
新宿区,榎町,谷底低地2,2,2
新宿区,大久保１丁目,台地1,2,2
新宿区,大久保２丁目,台地1,2,3
新宿区,大久保３丁目,台地1,1,1
新宿区,改代町,谷底低地2,3,2
新宿区,神楽河岸,谷底低地2,1,1
新宿区,神楽坂１丁目,谷底低地2,2,1
新宿区,神楽坂２丁目,谷底低地2,2,2
新宿区,神楽坂３丁目,台地2,3,3
新宿区,神楽坂４丁目,台地2,3,3
新宿区,神楽坂５丁目,谷底低地2,2,2
新宿区,神楽坂６丁目,谷底低地2,3,3
新宿区,片町,谷底低地2,2,1
新宿区,歌舞伎町１丁目,谷底低地1,2,1
新宿区,歌舞伎町２丁目,台地1,1,1
新宿区,上落合１丁目,谷底低地2,2,2
新宿区,上落合２丁目,台地1,2,3
新宿区,上落合３丁目,台地1,3,4
新宿区,喜久井町,台地2,2,2
新宿区,北新宿１丁目,台地1,2,2
新宿区,北新宿２丁目,谷底低地2,2,2
新宿区,北新宿３丁目,台地1,2,3
新宿区,北新宿４丁目,台地1,2,1
新宿区,北町,台地2,1,1
新宿区,北山伏町,台地2,1,1
新宿区,細工町,台地2,3,2
新宿区,四谷坂町,谷底低地2,3,3
新宿区,左門町,台地2,2,1
新宿区,三栄町,台地2,2,1
新宿区,信濃町,台地2,1,1
新宿区,下落合１丁目,谷底低地2,1,1
新宿区,下落合２丁目,台地1,1,1
新宿区,下落合３丁目,台地1,2,2
新宿区,下落合４丁目,台地1,2,3
新宿区,下宮比町,台地2,1,1
新宿区,白銀町,台地2,2,1
新宿区,新小川町,谷底低地3,2,1
新宿区,新宿１丁目,台地2,1,1
新宿区,新宿２丁目,台地2,2,1
新宿区,新宿３丁目,台地2,1,1
新宿区,新宿４丁目,台地2,1,1
新宿区,新宿５丁目,台地2,1,1
新宿区,新宿６丁目,台地2,2,1
新宿区,新宿７丁目,台地2,2,3
新宿区,水道町,谷底低地2,2,2
新宿区,須賀町,台地2,3,2
新宿区,住吉町,谷底低地2,2,2
新宿区,高田馬場１丁目,台地1,2,2
新宿区,高田馬場２丁目,谷底低地2,2,2
新宿区,高田馬場３丁目,台地1,2,3
新宿区,高田馬場４丁目,台地1,2,2
新宿区,箪笥町,谷底低地2,2,1
新宿区,大京町,台地2,2,2
新宿区,築地町,台地2,2,2
新宿区,筑土八幡町,台地2,2,1
新宿区,津久戸町,台地2,1,1
新宿区,天神町,台地2,3,2
新宿区,戸塚町１丁目,谷底低地2,1,1
新宿区,内藤町,台地2,1,1
新宿区,中井１丁目,谷底低地2,3,2
新宿区,中井２丁目,台地1,2,2
新宿区,中落合１丁目,谷底低地2,2,2
新宿区,中落合２丁目,台地1,2,2
新宿区,中落合３丁目,台地1,2,3
新宿区,中落合４丁目,台地1,2,2
新宿区,中里町,台地2,2,2
新宿区,中町,台地2,2,1
新宿区,納戸町,台地2,2,2
新宿区,西落合１丁目,台地1,2,2
新宿区,西落合２丁目,台地1,2,2
新宿区,西落合３丁目,台地1,2,2
新宿区,西落合４丁目,台地1,2,2
新宿区,西五軒町,谷底低地2,2,1
新宿区,西新宿１丁目,台地2,1,1
新宿区,西新宿２丁目,谷底低地2,1,1
新宿区,西新宿３丁目,台地2,1,1
新宿区,西新宿４丁目,台地2,2,2
新宿区,西新宿５丁目,谷底低地2,2,2
新宿区,西新宿６丁目,台地1,1,1
新宿区,西新宿７丁目,台地1,1,1
新宿区,西新宿８丁目,台地1,2,2
新宿区,西早稲田１丁目,台地1,1,1
新宿区,西早稲田２丁目,台地1,2,2
新宿区,西早稲田３丁目,台地1,2,2
新宿区,二十騎町,台地2,2,1
新宿区,払方町,台地2,1,1
新宿区,原町１丁目,台地2,2,2
新宿区,原町２丁目,台地2,3,2
新宿区,原町３丁目,台地2,2,2
新宿区,馬場下町,谷底低地2,3,2
新宿区,東榎町,谷底低地2,3,1
新宿区,東五軒町,谷底低地2,1,1
新宿区,百人町１丁目,台地1,2,2
新宿区,百人町２丁目,台地1,2,2
新宿区,百人町３丁目,台地1,1,2
新宿区,百人町４丁目,台地1,1,1
新宿区,袋町,台地2,2,2
新宿区,舟町,台地2,3,2
新宿区,弁天町,台地2,2,2
新宿区,本塩町,台地2,2,1
新宿区,南榎町,台地2,3,3
新宿区,南町,台地2,1,1
新宿区,南元町,谷底低地3,2,1
新宿区,南山伏町,谷底低地2,2,1
新宿区,山吹町,谷底低地2,2,2
新宿区,矢来町,台地2,2,2
新宿区,横寺町,台地2,3,3
新宿区,余丁町,台地2,2,2
新宿区,四谷１丁目,台地2,1,1
新宿区,四谷２丁目,台地2,1,1
新宿区,四谷３丁目,台地2,1,1
新宿区,四谷４丁目,台地2,2,2
新宿区,若葉１丁目,台地2,2,2
新宿区,若葉２丁目,谷底低地3,3,2
新宿区,若葉３丁目,谷底低地3,4,4
新宿区,若松町,台地2,2,2
新宿区,若宮町,台地2,2,1
新宿区,早稲田鶴巻町,谷底低地2,2,2
新宿区,早稲田南町,台地2,3,2
新宿区,早稲田町,台地2,2,1
新宿区,戸山１丁目,台地2,2,2
新宿区,戸山２丁目,台地2,1,1
新宿区,戸山３丁目,台地1,1,1
新宿区,富久町,台地2,2,2
新宿区,河田町,台地2,1,1
新宿区,霞ヶ丘町,台地2,1,1
文京区,大塚１丁目,台地1,1,1
文京区,大塚２丁目,台地1,1,1
文京区,大塚３丁目,台地1,1,1
文京区,大塚４丁目,谷底低地3,2,3
文京区,大塚５丁目,台地1,2,2
文京区,大塚６丁目,台地1,3,4
文京区,音羽１丁目,谷底低地2,2,1
文京区,音羽２丁目,谷底低地2,2,1
文京区,春日１丁目,台地1,1,1
文京区,春日２丁目,台地1,1,1
文京区,小石川１丁目,谷底低地3,2,1
文京区,小石川２丁目,台地1,2,2
文京区,小石川３丁目,台地1,2,2
文京区,小石川４丁目,台地1,1,1
文京区,小石川５丁目,台地1,2,1
文京区,後楽１丁目,谷底低地3,1,1
文京区,後楽２丁目,谷底低地3,2,2
文京区,小日向１丁目,台地1,2,1
文京区,小日向２丁目,台地1,2,2
文京区,小日向３丁目,谷底低地2,3,2
文京区,小日向４丁目,谷底低地2,2,1
文京区,水道１丁目,谷底低地2,2,1
文京区,水道２丁目,谷底低地2,2,2
文京区,関口１丁目,谷底低地2,2,1
文京区,関口２丁目,台地1,1,1
文京区,関口３丁目,台地1,1,1
文京区,千石１丁目,谷底低地2,3,3
文京区,千石２丁目,台地1,2,2
文京区,千石３丁目,台地1,2,2
文京区,千石４丁目,台地1,3,3
文京区,千駄木１丁目,台地1,2,3
文京区,千駄木２丁目,谷底低地2,3,3
文京区,千駄木３丁目,谷底低地2,3,3
文京区,千駄木４丁目,谷底低地2,3,3
文京区,千駄木５丁目,台地1,3,4
文京区,西片１丁目,台地1,2,1
文京区,西片２丁目,台地1,2,2
文京区,根津１丁目,谷底低地2,2,2
文京区,根津２丁目,谷底低地2,4,4
文京区,白山１丁目,谷底低地2,3,2
文京区,白山２丁目,台地1,2,2
文京区,白山３丁目,谷底低地2,3,2
文京区,白山４丁目,台地1,2,3
文京区,白山５丁目,台地1,2,1
文京区,本駒込１丁目,台地1,2,2
文京区,本駒込２丁目,台地1,2,2
文京区,本駒込３丁目,台地1,2,2
文京区,本駒込４丁目,台地1,2,2
文京区,本駒込５丁目,台地1,2,2
文京区,本駒込６丁目,台地1,1,1
文京区,本郷１丁目,台地1,1,1
文京区,本郷２丁目,台地1,2,1
文京区,本郷３丁目,台地1,2,1
文京区,本郷４丁目,台地1,2,2
文京区,本郷５丁目,台地1,2,2
文京区,本郷６丁目,台地1,2,2
文京区,本郷７丁目,台地1,1,1
文京区,向丘１丁目,台地1,2,2
文京区,向丘２丁目,台地1,2,2
文京区,目白台１丁目,台地1,1,1
文京区,目白台２丁目,台地1,2,2
文京区,目白台３丁目,台地1,2,2
文京区,弥生１丁目,台地1,1,1
文京区,弥生２丁目,台地1,1,1
文京区,湯島１丁目,台地1,1,1
文京区,湯島２丁目,台地1,2,2
文京区,湯島３丁目,台地1,2,1
文京区,湯島４丁目,台地1,1,1
台東区,秋葉原,沖積低地2,2,1
台東区,浅草１丁目,沖積低地2,4,3
台東区,浅草２丁目,沖積低地3,4,3
台東区,浅草３丁目,沖積低地4,5,3
台東区,浅草４丁目,沖積低地4,5,3
台東区,浅草５丁目,沖積低地4,5,4
台東区,浅草６丁目,沖積低地4,4,3
台東区,浅草７丁目,沖積低地4,3,2
台東区,浅草橋１丁目,沖積低地2,3,2
台東区,浅草橋２丁目,沖積低地2,5,3
台東区,浅草橋３丁目,沖積低地2,4,2
台東区,浅草橋４丁目,沖積低地2,4,3
台東区,浅草橋５丁目,沖積低地2,3,2
台東区,池之端１丁目,台地1,1,1
台東区,池之端２丁目,谷底低地2,2,1
台東区,池之端３丁目,谷底低地2,3,3
台東区,池之端４丁目,谷底低地2,3,2
台東区,今戸１丁目,沖積低地4,4,2
台東区,今戸２丁目,沖積低地4,4,3
台東区,入谷１丁目,沖積低地2,4,3
台東区,入谷２丁目,沖積低地3,4,4
台東区,上野１丁目,沖積低地2,3,2
台東区,上野２丁目,谷底低地2,3,2
台東区,上野３丁目,沖積低地2,3,2
台東区,上野４丁目,沖積低地2,3,2
台東区,上野５丁目,沖積低地2,3,1
台東区,上野６丁目,沖積低地2,4,2
台東区,上野７丁目,沖積低地2,2,1
台東区,上野公園,台地1,1,1
台東区,上野桜木１丁目,台地1,1,1
台東区,上野桜木２丁目,台地1,2,2
台東区,雷門１丁目,沖積低地2,3,3
台東区,雷門２丁目,沖積低地3,3,2
台東区,北上野１丁目,沖積低地2,3,1
台東区,北上野２丁目,沖積低地2,3,2
台東区,清川１丁目,沖積低地4,5,3
台東区,清川２丁目,沖積低地4,4,4
台東区,蔵前１丁目,沖積低地2,1,1
台東区,蔵前２丁目,沖積低地2,2,1
台東区,蔵前３丁目,沖積低地2,3,2
台東区,蔵前４丁目,沖積低地2,3,2
台東区,小島１丁目,沖積低地2,5,4
台東区,小島２丁目,沖積低地2,4,3
台東区,寿１丁目,沖積低地2,3,2
台東区,寿２丁目,沖積低地2,3,2
台東区,寿３丁目,沖積低地2,3,2
台東区,寿４丁目,沖積低地2,4,3
台東区,駒形１丁目,沖積低地2,3,2
台東区,駒形２丁目,沖積低地2,3,1
台東区,下谷１丁目,沖積低地2,3,2
台東区,下谷２丁目,沖積低地2,4,3
台東区,下谷３丁目,沖積低地3,3,2
台東区,千束１丁目,沖積低地3,4,3
台東区,千束２丁目,沖積低地3,5,4
台東区,千束３丁目,沖積低地4,5,4
台東区,千束４丁目,沖積低地4,5,4
台東区,台東１丁目,沖積低地2,3,2
台東区,台東２丁目,沖積低地2,3,2
台東区,台東３丁目,沖積低地2,5,4
台東区,台東４丁目,沖積低地2,3,2
台東区,鳥越１丁目,沖積低地2,5,4
台東区,鳥越２丁目,沖積低地2,3,2
台東区,西浅草１丁目,沖積低地2,3,2
台東区,西浅草２丁目,沖積低地2,4,3
台東区,西浅草３丁目,沖積低地2,3,3
台東区,日本堤１丁目,沖積低地4,5,5
台東区,日本堤２丁目,沖積低地4,5,5
台東区,根岸１丁目,沖積低地2,3,2
台東区,根岸２丁目,沖積低地2,3,2
台東区,根岸３丁目,沖積低地2,3,3
台東区,根岸４丁目,沖積低地3,4,5
台東区,根岸５丁目,沖積低地3,4,3
台東区,橋場１丁目,沖積低地4,5,4
台東区,橋場２丁目,沖積低地4,5,4
台東区,花川戸１丁目,沖積低地4,3,2
台東区,花川戸２丁目,沖積低地4,4,3
台東区,東浅草１丁目,沖積低地4,4,3
台東区,東浅草２丁目,沖積低地4,5,4
台東区,東上野１丁目,沖積低地2,3,2
台東区,東上野２丁目,沖積低地2,3,2
台東区,東上野３丁目,沖積低地2,5,3
台東区,東上野４丁目,沖積低地2,3,1
台東区,東上野５丁目,沖積低地2,3,2
台東区,東上野６丁目,沖積低地2,3,2
台東区,松が谷１丁目,沖積低地2,3,2
台東区,松が谷２丁目,沖積低地2,4,3
台東区,松が谷３丁目,沖積低地2,4,3
台東区,松が谷４丁目,沖積低地2,4,3
台東区,三筋１丁目,沖積低地2,4,2
台東区,三筋２丁目,沖積低地2,4,3
台東区,三ノ輪１丁目,沖積低地4,4,3
台東区,三ノ輪２丁目,沖積低地4,4,3
台東区,元浅草１丁目,沖積低地2,3,2
台東区,元浅草２丁目,沖積低地2,4,2
台東区,元浅草３丁目,沖積低地2,3,2
台東区,元浅草４丁目,沖積低地2,4,3
台東区,谷中１丁目,谷底低地2,2,2
台東区,谷中２丁目,谷底低地2,3,4
台東区,谷中３丁目,谷底低地2,4,4
台東区,谷中４丁目,台地1,2,2
台東区,谷中５丁目,台地1,2,2
台東区,谷中６丁目,台地1,2,2
台東区,谷中７丁目,台地1,2,2
台東区,柳橋１丁目,沖積低地2,3,2
台東区,柳橋２丁目,沖積低地2,3,2
台東区,竜泉１丁目,沖積低地3,4,3
台東区,竜泉２丁目,沖積低地4,3,2
台東区,竜泉３丁目,沖積低地4,5,4
墨田区,吾妻橋１丁目,沖積低地4,3,2
墨田区,吾妻橋２丁目,沖積低地4,3,2
墨田区,吾妻橋３丁目,沖積低地4,3,2
墨田区,石原１丁目,沖積低地4,4,3
墨田区,石原２丁目,沖積低地4,4,3
墨田区,石原３丁目,沖積低地4,4,2
墨田区,石原４丁目,沖積低地4,4,2
墨田区,押上１丁目,沖積低地4,3,2
墨田区,押上２丁目,沖積低地4,4,4
墨田区,押上３丁目,沖積低地4,5,5
墨田区,亀沢１丁目,沖積低地4,3,2
墨田区,亀沢２丁目,沖積低地4,3,2
墨田区,亀沢３丁目,沖積低地4,3,2
墨田区,亀沢４丁目,沖積低地4,3,2
墨田区,菊川１丁目,沖積低地4,4,2
墨田区,菊川２丁目,沖積低地4,4,3
墨田区,菊川３丁目,沖積低地4,3,2
墨田区,京島１丁目,沖積低地4,4,3
墨田区,京島２丁目,沖積低地4,5,5
墨田区,京島３丁目,沖積低地4,5,5
墨田区,錦糸１丁目,沖積低地4,2,1
墨田区,錦糸２丁目,沖積低地4,3,2
墨田区,錦糸３丁目,沖積低地4,3,2
墨田区,錦糸４丁目,沖積低地4,2,1
墨田区,江東橋１丁目,沖積低地4,3,1
墨田区,江東橋２丁目,沖積低地4,3,1
墨田区,江東橋３丁目,沖積低地4,2,1
墨田区,江東橋４丁目,沖積低地4,2,1
墨田区,江東橋５丁目,沖積低地4,3,1
墨田区,墨田１丁目,沖積低地4,3,2
墨田区,墨田２丁目,沖積低地4,5,4
墨田区,墨田３丁目,沖積低地4,5,5
墨田区,墨田４丁目,沖積低地4,5,5
墨田区,墨田５丁目,沖積低地4,4,5
墨田区,太平１丁目,沖積低地4,3,2
墨田区,太平２丁目,沖積低地4,4,2
墨田区,太平３丁目,沖積低地4,4,2
墨田区,太平４丁目,沖積低地4,3,1
墨田区,立花１丁目,沖積低地4,3,3
墨田区,立花２丁目,沖積低地4,5,5
墨田区,立花３丁目,沖積低地5,4,3
墨田区,立花４丁目,沖積低地4,4,3
墨田区,立花５丁目,沖積低地4,3,2
墨田区,立花６丁目,沖積低地5,3,3
墨田区,立川１丁目,沖積低地4,4,3
墨田区,立川２丁目,沖積低地4,4,2
墨田区,立川３丁目,沖積低地4,3,2
墨田区,立川４丁目,沖積低地4,4,2
墨田区,千歳１丁目,沖積低地4,3,1
墨田区,千歳２丁目,沖積低地4,3,2
墨田区,千歳３丁目,沖積低地4,4,3
墨田区,堤通１丁目,沖積低地4,3,2
墨田区,堤通２丁目,沖積低地4,1,1
墨田区,業平１丁目,沖積低地4,3,2
墨田区,業平２丁目,沖積低地4,4,2
墨田区,業平３丁目,沖積低地4,3,2
墨田区,業平４丁目,沖積低地4,4,3
墨田区,業平５丁目,沖積低地4,3,2
墨田区,東駒形１丁目,沖積低地4,4,2
墨田区,東駒形２丁目,沖積低地4,5,3
墨田区,東駒形３丁目,沖積低地4,5,3
墨田区,東駒形４丁目,沖積低地4,3,2
墨田区,東墨田１丁目,沖積低地4,2,1
墨田区,東墨田２丁目,沖積低地4,3,2
墨田区,東墨田３丁目,沖積低地4,3,2
墨田区,東向島１丁目,沖積低地4,5,5
墨田区,東向島２丁目,沖積低地4,5,4
墨田区,東向島３丁目,沖積低地4,4,3
墨田区,東向島４丁目,沖積低地4,4,4
墨田区,東向島５丁目,沖積低地4,5,5
墨田区,東向島６丁目,沖積低地4,5,5
墨田区,文花１丁目,沖積低地4,3,2
墨田区,文花２丁目,沖積低地4,3,2
墨田区,文花３丁目,沖積低地4,4,3
墨田区,本所１丁目,沖積低地4,3,2
墨田区,本所２丁目,沖積低地4,4,3
墨田区,本所３丁目,沖積低地4,5,3
墨田区,本所４丁目,沖積低地4,4,2
墨田区,緑１丁目,沖積低地4,4,3
墨田区,緑２丁目,沖積低地4,3,2
墨田区,緑３丁目,沖積低地4,3,2
墨田区,緑４丁目,沖積低地4,3,2
墨田区,向島１丁目,沖積低地4,4,2
墨田区,向島２丁目,沖積低地4,4,2
墨田区,向島３丁目,沖積低地4,4,2
墨田区,向島４丁目,沖積低地4,5,5
墨田区,向島５丁目,沖積低地4,4,4
墨田区,八広１丁目,沖積低地4,4,4
墨田区,八広２丁目,沖積低地4,5,5
墨田区,八広３丁目,沖積低地4,5,5
墨田区,八広４丁目,沖積低地4,5,5
墨田区,八広５丁目,沖積低地4,4,4
墨田区,八広６丁目,沖積低地4,4,4
墨田区,横網１丁目,沖積低地4,1,1
墨田区,横網２丁目,沖積低地3,2,1
墨田区,横川１丁目,沖積低地4,2,1
墨田区,横川２丁目,沖積低地4,5,3
墨田区,横川３丁目,沖積低地4,4,3
墨田区,横川４丁目,沖積低地4,4,2
墨田区,横川５丁目,沖積低地4,2,1
墨田区,両国１丁目,沖積低地4,3,2
墨田区,両国２丁目,沖積低地4,3,2
墨田区,両国３丁目,沖積低地4,4,2
墨田区,両国４丁目,沖積低地4,3,2
江東区,有明１丁目,沖積低地2,1,1
江東区,有明２丁目,沖積低地2,1,1
江東区,有明３丁目,沖積低地3,1,1
江東区,有明４丁目,沖積低地2,1,1
江東区,石島,沖積低地4,4,3
江東区,海辺,沖積低地4,4,3
江東区,永代１丁目,沖積低地4,3,2
江東区,永代２丁目,沖積低地4,4,3
江東区,枝川１丁目,沖積低地5,2,1
江東区,枝川２丁目,沖積低地5,2,1
江東区,枝川３丁目,沖積低地5,1,1
江東区,越中島１丁目,沖積低地4,1,1
江東区,越中島２丁目,沖積低地4,2,2
江東区,越中島３丁目,沖積低地4,1,1
江東区,扇橋１丁目,沖積低地4,3,2
江東区,扇橋２丁目,沖積低地4,4,2
江東区,扇橋３丁目,沖積低地4,3,2
江東区,大島１丁目,沖積低地4,3,3
江東区,大島２丁目,沖積低地4,4,4
江東区,大島３丁目,沖積低地5,4,3
江東区,大島４丁目,沖積低地5,3,3
江東区,大島５丁目,沖積低地5,4,3
江東区,大島６丁目,沖積低地5,3,3
江東区,大島７丁目,沖積低地5,4,5
江東区,大島８丁目,沖積低地5,4,3
江東区,大島９丁目,沖積低地5,1,1
江東区,亀戸１丁目,沖積低地4,2,1
江東区,亀戸２丁目,沖積低地4,2,1
江東区,亀戸３丁目,沖積低地4,4,4
江東区,亀戸４丁目,沖積低地4,4,3
江東区,亀戸５丁目,沖積低地4,5,5
江東区,亀戸６丁目,沖積低地4,3,2
江東区,亀戸７丁目,沖積低地5,3,3
江東区,亀戸８丁目,沖積低地5,4,3
江東区,亀戸９丁目,沖積低地5,2,2
江東区,北砂１丁目,沖積低地4,3,2
江東区,北砂２丁目,沖積低地5,2,2
江東区,北砂３丁目,沖積低地5,5,5
江東区,北砂４丁目,沖積低地5,5,5
江東区,北砂５丁目,沖積低地5,3,3
江東区,北砂６丁目,沖積低地5,5,5
江東区,北砂７丁目,沖積低地5,3,4
江東区,木場１丁目,沖積低地4,1,1
江東区,木場２丁目,沖積低地4,2,1
江東区,木場３丁目,沖積低地4,2,1
江東区,木場４丁目,沖積低地4,1,1
江東区,木場５丁目,沖積低地4,2,1
江東区,木場６丁目,沖積低地4,3,2
江東区,清澄１丁目,沖積低地4,2,1
江東区,清澄２丁目,沖積低地4,3,2
江東区,清澄３丁目,沖積低地4,3,2
江東区,佐賀１丁目,沖積低地4,3,1
江東区,佐賀２丁目,沖積低地4,2,1
江東区,猿江１丁目,沖積低地4,3,2
江東区,猿江２丁目,沖積低地4,3,2
江東区,塩浜１丁目,沖積低地4,1,1
江東区,塩浜２丁目,沖積低地4,1,1
江東区,潮見１丁目,沖積低地5,2,1
江東区,潮見２丁目,沖積低地5,1,1
江東区,東雲１丁目,沖積低地5,1,1
江東区,東雲２丁目,沖積低地5,1,1
江東区,白河１丁目,沖積低地4,3,2
江東区,白河２丁目,沖積低地4,4,3
江東区,白河３丁目,沖積低地4,4,3
江東区,白河４丁目,沖積低地4,2,1
江東区,新大橋１丁目,沖積低地4,3,1
江東区,新大橋２丁目,沖積低地4,4,3
江東区,新大橋３丁目,沖積低地4,4,2
江東区,新木場１丁目,沖積低地5,1,1
江東区,新木場２丁目,沖積低地5,1,1
江東区,新木場３丁目,沖積低地5,1,1
江東区,新木場４丁目,沖積低地5,1,1
江東区,新砂１丁目,沖積低地4,1,1
江東区,新砂２丁目,沖積低地5,1,1
江東区,新砂３丁目,沖積低地5,1,1
江東区,住吉１丁目,沖積低地4,3,2
江東区,住吉２丁目,沖積低地4,4,3
江東区,千石１丁目,沖積低地4,2,1
江東区,千石２丁目,沖積低地4,3,2
江東区,千石３丁目,沖積低地5,2,1
江東区,千田,沖積低地4,5,3
江東区,高橋,沖積低地4,4,3
江東区,辰巳１丁目,沖積低地5,1,1
江東区,辰巳２丁目,沖積低地5,1,1
江東区,辰巳３丁目,沖積低地5,1,1
江東区,東陽１丁目,沖積低地4,3,2
江東区,東陽２丁目,沖積低地4,1,1
江東区,東陽３丁目,沖積低地4,3,2
江東区,東陽４丁目,沖積低地4,1,1
江東区,東陽５丁目,沖積低地4,3,2
江東区,東陽６丁目,沖積低地4,1,1
江東区,東陽７丁目,沖積低地4,1,1
江東区,常盤１丁目,沖積低地4,4,2
江東区,常盤２丁目,沖積低地4,5,3
江東区,富岡１丁目,沖積低地4,3,2
江東区,富岡２丁目,沖積低地4,2,1
江東区,豊洲１丁目,沖積低地3,1,1
江東区,豊洲２丁目,沖積低地3,1,1
江東区,豊洲３丁目,沖積低地4,1,1
江東区,豊洲４丁目,沖積低地5,1,1
江東区,豊洲５丁目,沖積低地5,1,1
江東区,豊洲６丁目,沖積低地2,1,1
江東区,東砂１丁目,沖積低地5,3,2
江東区,東砂２丁目,沖積低地5,2,2
江東区,東砂３丁目,沖積低地5,3,3
江東区,東砂４丁目,沖積低地5,4,4
江東区,東砂５丁目,沖積低地5,5,5
江東区,東砂６丁目,沖積低地5,3,2
江東区,東砂７丁目,沖積低地5,3,3
江東区,東砂８丁目,沖積低地5,3,2
江東区,平野１丁目,沖積低地4,4,3
江東区,平野２丁目,沖積低地4,3,2
江東区,平野３丁目,沖積低地4,2,1
江東区,平野４丁目,沖積低地4,2,1
江東区,深川１丁目,沖積低地4,2,2
江東区,深川２丁目,沖積低地4,3,2
江東区,福住１丁目,沖積低地4,5,3
江東区,福住２丁目,沖積低地4,2,1
江東区,冬木,沖積低地4,2,1
江東区,古石場１丁目,沖積低地4,4,3
江東区,古石場２丁目,沖積低地4,3,2
江東区,古石場３丁目,沖積低地4,3,2
江東区,牡丹１丁目,沖積低地4,4,2
江東区,牡丹２丁目,沖積低地4,3,2
江東区,牡丹３丁目,沖積低地4,4,3
江東区,南砂１丁目,沖積低地5,2,2
江東区,南砂２丁目,沖積低地4,2,1
江東区,南砂３丁目,沖積低地5,2,1
江東区,南砂４丁目,沖積低地5,4,4
江東区,南砂５丁目,沖積低地5,3,2
江東区,南砂６丁目,沖積低地5,3,2
江東区,南砂７丁目,沖積低地5,2,2
江東区,三好１丁目,沖積低地4,4,3
江東区,三好２丁目,沖積低地4,5,4
江東区,三好３丁目,沖積低地4,4,2
江東区,三好４丁目,沖積低地4,3,2
江東区,毛利１丁目,沖積低地4,3,2
江東区,毛利２丁目,沖積低地4,2,1
江東区,森下１丁目,沖積低地4,4,2
江東区,森下２丁目,沖積低地4,5,3
江東区,森下３丁目,沖積低地4,3,2
江東区,森下４丁目,沖積低地4,4,3
江東区,森下５丁目,沖積低地4,3,2
江東区,門前仲町１丁目,沖積低地4,4,3
江東区,門前仲町２丁目,沖積低地4,3,2
江東区,夢の島１丁目,沖積低地5,1,1
江東区,夢の島２丁目,沖積低地5,1,1
江東区,夢の島３丁目,沖積低地5,1,1
江東区,若洲１丁目,沖積低地5,1,1
江東区,若洲２丁目,沖積低地5,1,1
江東区,若洲３丁目,沖積低地5,1,1
江東区,青海１丁目,沖積低地3,1,1
江東区,青海２丁目,沖積低地3,1,1
江東区,青海３丁目,沖積低地3,1,1
江東区,青海４丁目,沖積低地3,1,1
品川区,荏原１丁目,台地1,2,2
品川区,荏原２丁目,台地1,2,4
品川区,荏原３丁目,台地1,3,3
品川区,荏原４丁目,台地1,3,3
品川区,荏原５丁目,台地1,3,3
品川区,荏原６丁目,台地1,3,4
品川区,荏原７丁目,台地2,2,4
品川区,大井１丁目,谷底低地2,2,1
品川区,大井２丁目,台地1,3,4
品川区,大井３丁目,台地1,2,3
品川区,大井４丁目,台地1,2,4
品川区,大井５丁目,台地1,2,3
品川区,大井６丁目,台地1,2,2
品川区,大井７丁目,台地2,2,4
品川区,大崎１丁目,谷底低地3,1,1
品川区,大崎２丁目,谷底低地2,1,2
品川区,大崎３丁目,台地1,2,3
品川区,大崎４丁目,台地1,2,3
品川区,大崎５丁目,谷底低地3,1,1
品川区,勝島１丁目,沖積低地2,1,1
品川区,勝島２丁目,沖積低地2,1,1
品川区,勝島３丁目,沖積低地2,1,1
品川区,上大崎１丁目,台地2,2,2
品川区,上大崎２丁目,台地2,1,1
品川区,上大崎３丁目,台地2,1,1
品川区,上大崎４丁目,台地2,1,1
品川区,北品川１丁目,沖積低地2,2,2
品川区,北品川２丁目,沖積低地2,4,4
品川区,北品川３丁目,沖積低地2,2,1
品川区,北品川４丁目,台地2,1,1
品川区,北品川５丁目,台地2,1,1
品川区,北品川６丁目,台地2,1,1
品川区,小山１丁目,台地1,2,2
品川区,小山２丁目,台地1,3,4
品川区,小山３丁目,台地1,2,2
品川区,小山４丁目,台地1,3,3
品川区,小山５丁目,台地1,2,2
品川区,小山６丁目,台地2,3,4
品川区,小山７丁目,台地2,2,2
品川区,小山台１丁目,台地1,3,3
品川区,小山台２丁目,台地1,2,1
品川区,戸越１丁目,台地1,3,4
品川区,戸越２丁目,台地1,3,4
品川区,戸越３丁目,台地1,3,4
品川区,戸越４丁目,台地1,3,4
品川区,戸越５丁目,台地1,2,3
品川区,戸越６丁目,台地1,3,3
品川区,中延１丁目,台地1,2,3
品川区,中延２丁目,台地1,3,4
品川区,中延３丁目,台地1,3,3
品川区,中延４丁目,台地1,3,4
品川区,中延５丁目,谷底低地2,3,3
品川区,中延６丁目,谷底低地2,3,3
品川区,西大井１丁目,台地1,2,2
品川区,西大井２丁目,台地1,3,4
品川区,西大井３丁目,台地2,2,4
品川区,西大井４丁目,台地2,2,3
品川区,西大井５丁目,台地2,3,3
品川区,西大井６丁目,谷底低地2,3,3
品川区,西五反田１丁目,谷底低地3,2,1
品川区,西五反田２丁目,谷底低地3,1,1
品川区,西五反田３丁目,谷底低地2,1,1
品川区,西五反田４丁目,台地1,2,2
品川区,西五反田５丁目,台地1,2,2
品川区,西五反田６丁目,台地1,2,2
品川区,西五反田７丁目,台地1,1,1
品川区,西五反田８丁目,谷底低地3,2,1
品川区,西品川１丁目,台地1,2,3
品川区,西品川２丁目,谷底低地2,3,4
品川区,西品川３丁目,台地1,3,3
品川区,西中延１丁目,台地1,3,3
品川区,西中延２丁目,台地1,3,4
品川区,西中延３丁目,台地1,3,4
品川区,旗の台１丁目,谷底低地2,2,1
品川区,旗の台２丁目,谷底低地2,2,2
品川区,旗の台３丁目,台地1,2,3
品川区,旗の台４丁目,谷底低地2,3,4
品川区,旗の台５丁目,台地2,3,3
品川区,旗の台６丁目,台地2,2,3
品川区,東大井１丁目,沖積低地2,2,2
品川区,東大井２丁目,沖積低地2,3,3
品川区,東大井３丁目,台地1,2,3
品川区,東大井４丁目,台地1,1,1
品川区,東大井５丁目,台地1,2,2
品川区,東大井６丁目,谷底低地2,3,3
品川区,東五反田１丁目,谷底低地3,2,1
品川区,東五反田２丁目,谷底低地3,1,1
品川区,東五反田３丁目,台地2,1,1
品川区,東五反田４丁目,台地2,2,1
品川区,東五反田５丁目,台地2,1,1
品川区,東品川１丁目,沖積低地3,3,2
品川区,東品川２丁目,沖積低地3,1,1
品川区,東品川３丁目,沖積低地3,1,1
品川区,東品川４丁目,沖積低地2,1,1
品川区,東品川５丁目,沖積低地3,1,1
品川区,東中延１丁目,台地1,3,4
品川区,東中延２丁目,台地1,3,4
品川区,平塚１丁目,台地1,3,3
品川区,平塚２丁目,台地1,2,2
品川区,平塚３丁目,台地1,2,2
品川区,広町１丁目,谷底低地3,1,2
品川区,広町２丁目,台地1,1,1
品川区,二葉１丁目,谷底低地2,3,3
品川区,二葉２丁目,谷底低地2,3,3
品川区,二葉３丁目,谷底低地2,3,4
品川区,二葉４丁目,谷底低地2,3,4
品川区,南大井１丁目,沖積低地2,3,2
品川区,南大井２丁目,沖積低地2,1,1
品川区,南大井３丁目,沖積低地2,2,1
品川区,南大井４丁目,沖積低地2,2,2
品川区,南大井５丁目,沖積低地2,3,2
品川区,南大井６丁目,沖積低地2,2,1
品川区,南品川１丁目,沖積低地3,4,3
品川区,南品川２丁目,沖積低地2,3,2
品川区,南品川３丁目,沖積低地2,3,2
品川区,南品川４丁目,谷底低地2,3,3
品川区,南品川５丁目,沖積低地2,3,3
品川区,南品川６丁目,台地1,2,3
品川区,八潮１丁目,沖積低地4,1,1
品川区,八潮２丁目,沖積低地3,1,1
品川区,八潮３丁目,沖積低地3,1,1
品川区,八潮４丁目,沖積低地2,1,1
品川区,八潮５丁目,沖積低地2,1,1
品川区,豊町１丁目,台地1,3,4
品川区,豊町２丁目,谷底低地2,3,3
品川区,豊町３丁目,台地1,3,3
品川区,豊町４丁目,台地1,3,4
品川区,豊町５丁目,台地1,3,4
品川区,豊町６丁目,台地1,3,4
品川区,東八潮,沖積低地4,1,1
目黒区,青葉台１丁目,谷底低地2,1,1
目黒区,青葉台２丁目,台地2,1,1
目黒区,青葉台３丁目,谷底低地2,2,1
目黒区,青葉台４丁目,台地2,1,1
目黒区,大岡山１丁目,台地2,2,3
目黒区,大岡山２丁目,台地2,1,1
目黒区,大橋１丁目,谷底低地2,1,1
目黒区,大橋２丁目,台地1,1,1
目黒区,柿の木坂１丁目,台地1,2,2
目黒区,柿の木坂２丁目,台地1,1,1
目黒区,柿の木坂３丁目,台地1,2,1
目黒区,上目黒１丁目,谷底低地2,1,1
目黒区,上目黒２丁目,谷底低地2,3,3
目黒区,上目黒３丁目,台地1,2,2
目黒区,上目黒４丁目,台地1,2,4
目黒区,上目黒５丁目,台地1,2,2
目黒区,駒場１丁目,台地1,2,2
目黒区,駒場２丁目,台地1,1,1
目黒区,駒場３丁目,台地1,1,1
目黒区,駒場４丁目,台地1,1,1
目黒区,五本木１丁目,台地1,2,2
目黒区,五本木２丁目,台地1,2,3
目黒区,五本木３丁目,台地1,2,2
目黒区,下目黒１丁目,台地2,1,1
目黒区,下目黒２丁目,谷底低地2,2,2
目黒区,下目黒３丁目,谷底低地2,2,2
目黒区,下目黒４丁目,台地1,2,2
目黒区,下目黒５丁目,台地1,2,2
目黒区,下目黒６丁目,台地1,1,1
目黒区,自由が丘１丁目,谷底低地2,2,2
目黒区,自由が丘２丁目,谷底低地2,2,1
目黒区,自由が丘３丁目,台地1,2,2
目黒区,洗足１丁目,台地2,3,3
目黒区,洗足２丁目,台地2,2,2
目黒区,平町１丁目,台地1,1,1
目黒区,平町２丁目,台地2,2,2
目黒区,鷹番１丁目,台地1,2,2
目黒区,鷹番２丁目,台地1,2,2
目黒区,鷹番３丁目,台地1,2,2
目黒区,中央町１丁目,台地1,2,1
目黒区,中央町２丁目,台地1,2,2
目黒区,中町１丁目,台地1,2,3
目黒区,中町２丁目,台地1,2,2
目黒区,中根１丁目,台地1,2,2
目黒区,中根２丁目,谷底低地2,2,1
目黒区,中目黒１丁目,谷底低地2,2,1
目黒区,中目黒２丁目,谷底低地2,1,1
目黒区,中目黒３丁目,台地1,2,2
目黒区,中目黒４丁目,台地1,2,2
目黒区,中目黒５丁目,台地1,2,2
目黒区,原町１丁目,谷底低地2,3,3
目黒区,原町２丁目,谷底低地2,3,3
目黒区,東が丘１丁目,台地1,2,1
目黒区,東が丘２丁目,台地1,1,1
目黒区,東山１丁目,台地1,2,2
目黒区,東山２丁目,台地1,1,1
目黒区,東山３丁目,台地1,1,1
目黒区,碑文谷１丁目,台地1,2,2
目黒区,碑文谷２丁目,台地1,1,1
目黒区,碑文谷３丁目,台地1,1,1
目黒区,碑文谷４丁目,台地1,1,1
目黒区,碑文谷５丁目,台地1,1,1
目黒区,碑文谷６丁目,台地1,2,1
目黒区,三田１丁目,台地2,1,1
目黒区,三田２丁目,台地2,2,2
目黒区,緑が丘１丁目,台地1,2,3
目黒区,緑が丘２丁目,谷底低地2,2,2
目黒区,緑が丘３丁目,谷底低地2,3,2
目黒区,南１丁目,台地2,2,2
目黒区,南２丁目,台地2,2,2
目黒区,南３丁目,台地2,2,3
目黒区,目黒１丁目,谷底低地2,2,2
目黒区,目黒２丁目,谷底低地2,1,1
目黒区,目黒３丁目,台地1,2,2
目黒区,目黒４丁目,台地1,2,2
目黒区,目黒本町１丁目,台地1,2,2
目黒区,目黒本町２丁目,台地1,1,1
目黒区,目黒本町３丁目,台地1,3,2
目黒区,目黒本町４丁目,台地1,3,3
目黒区,目黒本町５丁目,台地1,3,3
目黒区,目黒本町６丁目,台地1,3,3
目黒区,八雲１丁目,台地1,1,1
目黒区,八雲２丁目,谷底低地2,2,1
目黒区,八雲３丁目,台地1,1,2
目黒区,八雲４丁目,台地1,2,1
目黒区,八雲５丁目,台地1,1,1
目黒区,祐天寺１丁目,台地1,3,3
目黒区,祐天寺２丁目,台地1,2,2
大田区,池上１丁目,台地2,1,2
大田区,池上２丁目,谷底低地3,2,2
大田区,池上３丁目,沖積低地2,3,2
大田区,池上４丁目,沖積低地2,3,3
大田区,池上５丁目,沖積低地2,4,3
大田区,池上６丁目,沖積低地2,3,2
大田区,池上７丁目,沖積低地2,3,2
大田区,池上８丁目,沖積低地2,3,2
大田区,石川町１丁目,台地2,1,2
大田区,石川町２丁目,谷底低地2,1,2
大田区,鵜の木１丁目,沖積低地3,3,3
大田区,鵜の木２丁目,沖積低地3,4,3
大田区,鵜の木３丁目,沖積低地3,3,2
大田区,大森北１丁目,沖積低地2,2,1
大田区,大森北２丁目,沖積低地2,2,1
大田区,大森北３丁目,沖積低地2,4,4
大田区,大森北４丁目,沖積低地2,3,3
大田区,大森北５丁目,沖積低地2,3,2
大田区,大森北６丁目,沖積低地2,3,4
大田区,大森中１丁目,沖積低地2,3,2
大田区,大森中２丁目,沖積低地2,3,3
大田区,大森中３丁目,沖積低地2,4,3
大田区,大森西１丁目,沖積低地2,3,3
大田区,大森西２丁目,沖積低地2,3,3
大田区,大森西３丁目,沖積低地2,3,4
大田区,大森西４丁目,沖積低地2,3,2
大田区,大森西５丁目,沖積低地2,3,4
大田区,大森西６丁目,沖積低地2,3,3
大田区,大森西７丁目,沖積低地2,3,2
大田区,大森東１丁目,沖積低地2,2,2
大田区,大森東２丁目,沖積低地3,4,4
大田区,大森東３丁目,沖積低地2,3,3
大田区,大森東４丁目,沖積低地2,3,4
大田区,大森東５丁目,沖積低地2,3,3
大田区,大森本町１丁目,沖積低地2,1,1
大田区,大森本町２丁目,沖積低地2,3,3
大田区,大森南１丁目,沖積低地2,3,3
大田区,大森南２丁目,沖積低地2,3,2
大田区,大森南３丁目,沖積低地2,3,2
大田区,大森南４丁目,沖積低地3,2,1
大田区,大森南５丁目,沖積低地2,2,2
大田区,蒲田１丁目,沖積低地2,3,3
大田区,蒲田２丁目,沖積低地2,3,4
大田区,蒲田３丁目,沖積低地2,3,4
大田区,蒲田４丁目,沖積低地2,3,1
大田区,蒲田５丁目,沖積低地3,2,1
大田区,蒲田本町１丁目,沖積低地3,2,2
大田区,蒲田本町２丁目,沖積低地3,4,4
大田区,上池台１丁目,台地2,2,3
大田区,上池台２丁目,台地2,2,2
大田区,上池台３丁目,谷底低地2,3,3
大田区,上池台４丁目,台地2,2,3
大田区,上池台５丁目,台地2,2,2
大田区,北糀谷１丁目,沖積低地2,3,2
大田区,北糀谷２丁目,沖積低地2,3,2
大田区,北千束１丁目,台地2,2,3
大田区,北千束２丁目,台地2,2,2
大田区,北千束３丁目,台地2,2,3
大田区,北馬込１丁目,台地2,2,3
大田区,北馬込２丁目,台地2,3,4
大田区,北嶺町,台地1,2,2
大田区,久が原１丁目,台地1,2,2
大田区,久が原２丁目,谷底低地3,2,2
大田区,久が原３丁目,台地1,2,3
大田区,久が原４丁目,台地1,2,3
大田区,久が原５丁目,台地1,2,2
大田区,久が原６丁目,台地1,2,2
大田区,京浜島１丁目,沖積低地3,1,1
大田区,京浜島２丁目,沖積低地4,1,1
大田区,京浜島３丁目,沖積低地3,1,1
大田区,山王１丁目,台地2,2,3
大田区,山王２丁目,台地2,2,3
大田区,山王３丁目,沖積低地2,3,3
大田区,山王４丁目,台地2,2,3
大田区,下丸子１丁目,沖積低地3,3,3
大田区,下丸子２丁目,沖積低地3,2,2
大田区,下丸子３丁目,沖積低地3,3,3
大田区,下丸子４丁目,沖積低地3,2,2
大田区,昭和島１丁目,沖積低地2,1,1
大田区,昭和島２丁目,沖積低地3,1,1
大田区,新蒲田１丁目,沖積低地3,3,2
大田区,新蒲田２丁目,沖積低地3,3,3
大田区,新蒲田３丁目,沖積低地3,4,4
大田区,城南島１丁目,沖積低地3,1,1
大田区,城南島２丁目,沖積低地3,1,1
大田区,城南島３丁目,沖積低地5,1,1
大田区,城南島４丁目,沖積低地5,1,1
大田区,城南島５丁目,沖積低地5,1,1
大田区,城南島６丁目,沖積低地3,1,1
大田区,城南島７丁目,沖積低地3,1,1
大田区,多摩川１丁目,沖積低地3,3,2
大田区,多摩川２丁目,沖積低地3,3,2
大田区,千鳥１丁目,沖積低地2,3,2
大田区,千鳥２丁目,沖積低地2,3,3
大田区,千鳥３丁目,沖積低地2,3,2
大田区,中央１丁目,沖積低地2,3,3
大田区,中央２丁目,沖積低地2,3,3
大田区,中央３丁目,沖積低地3,4,5
大田区,中央４丁目,沖積低地2,3,4
大田区,中央５丁目,台地2,2,3
大田区,中央６丁目,沖積低地2,3,3
大田区,中央７丁目,沖積低地3,4,4
大田区,中央８丁目,沖積低地3,4,4
大田区,田園調布１丁目,台地1,2,3
大田区,田園調布２丁目,台地1,2,2
大田区,田園調布３丁目,台地1,1,1
大田区,田園調布４丁目,台地1,1,1
大田区,田園調布５丁目,沖積低地1,1,2
大田区,田園調布本町,台地1,2,3
大田区,田園調布南,沖積低地3,3,2
大田区,東海１丁目,沖積低地2,1,1
大田区,東海２丁目,沖積低地3,1,1
大田区,東海３丁目,沖積低地3,1,1
大田区,東海４丁目,沖積低地2,1,1
大田区,東海５丁目,沖積低地4,1,1
大田区,東海６丁目,沖積低地2,1,1
大田区,仲池上１丁目,谷底低地2,2,1
大田区,仲池上２丁目,谷底低地3,2,1
大田区,中馬込１丁目,台地2,2,2
大田区,中馬込２丁目,台地2,2,2
大田区,中馬込３丁目,台地2,2,1
大田区,仲六郷１丁目,沖積低地3,3,3
大田区,仲六郷２丁目,沖積低地3,4,5
大田区,仲六郷３丁目,沖積低地3,3,3
大田区,仲六郷４丁目,沖積低地3,3,3
大田区,西蒲田１丁目,沖積低地3,4,4
大田区,西蒲田２丁目,沖積低地2,3,2
大田区,西蒲田３丁目,沖積低地2,4,4
大田区,西蒲田４丁目,沖積低地3,4,4
大田区,西蒲田５丁目,沖積低地3,3,4
大田区,西蒲田６丁目,沖積低地2,3,3
大田区,西蒲田７丁目,沖積低地3,3,2
大田区,西蒲田８丁目,沖積低地3,2,2
大田区,西糀谷１丁目,沖積低地2,3,3
大田区,西糀谷２丁目,沖積低地2,3,2
大田区,西糀谷３丁目,沖積低地2,3,2
大田区,西糀谷４丁目,沖積低地2,3,2
大田区,西馬込１丁目,谷底低地2,2,1
大田区,西馬込２丁目,台地2,2,1
大田区,西嶺町,台地1,2,2
大田区,西六郷１丁目,沖積低地3,4,4
大田区,西六郷２丁目,沖積低地3,4,4
大田区,西六郷３丁目,沖積低地3,3,3
大田区,西六郷４丁目,沖積低地3,3,2
大田区,萩中１丁目,沖積低地3,3,2
大田区,萩中２丁目,沖積低地3,3,2
大田区,萩中３丁目,沖積低地2,2,1
大田区,羽田１丁目,沖積低地2,3,2
大田区,羽田２丁目,沖積低地3,4,4
大田区,羽田３丁目,沖積低地3,5,5
大田区,羽田４丁目,沖積低地3,3,3
大田区,羽田５丁目,沖積低地3,3,4
大田区,羽田６丁目,沖積低地4,5,5
大田区,羽田旭町,沖積低地3,1,1
大田区,羽田空港１丁目,沖積低地3,1,1
大田区,羽田空港２丁目,沖積低地3,1,1
大田区,羽田空港３丁目,沖積低地4,1,1
大田区,東蒲田１丁目,沖積低地2,3,4
大田区,東蒲田２丁目,沖積低地2,4,5
大田区,東糀谷１丁目,沖積低地2,3,2
大田区,東糀谷２丁目,沖積低地2,2,1
大田区,東糀谷３丁目,沖積低地2,3,2
大田区,東糀谷４丁目,沖積低地2,2,1
大田区,東糀谷５丁目,沖積低地2,2,1
大田区,東糀谷６丁目,沖積低地2,1,1
大田区,東馬込１丁目,台地2,3,3
大田区,東馬込２丁目,谷底低地3,3,4
大田区,東嶺町,台地1,2,2
大田区,東矢口１丁目,沖積低地3,3,3
大田区,東矢口２丁目,沖積低地3,3,3
大田区,東矢口３丁目,沖積低地3,4,4
大田区,東雪谷１丁目,台地2,2,3
大田区,東雪谷２丁目,台地2,2,2
大田区,東雪谷３丁目,台地2,2,2
大田区,東雪谷４丁目,台地2,2,2
大田区,東雪谷５丁目,台地2,2,2
大田区,東六郷１丁目,沖積低地3,4,4
大田区,東六郷２丁目,沖積低地3,3,3
大田区,東六郷３丁目,沖積低地3,3,3
大田区,平和島１丁目,沖積低地3,1,1
大田区,平和島２丁目,沖積低地2,1,1
大田区,平和島３丁目,沖積低地3,1,1
大田区,平和島４丁目,沖積低地2,1,1
大田区,平和島５丁目,沖積低地2,1,1
大田区,平和島６丁目,沖積低地3,1,1
大田区,平和の森公園,沖積低地2,1,1
大田区,本羽田１丁目,沖積低地3,3,3
大田区,本羽田２丁目,沖積低地3,3,2
大田区,本羽田３丁目,沖積低地3,2,1
大田区,南蒲田１丁目,沖積低地2,3,2
大田区,南蒲田２丁目,沖積低地3,3,3
大田区,南蒲田３丁目,沖積低地3,5,5
大田区,南久が原１丁目,台地1,2,2
大田区,南久が原２丁目,台地1,2,2
大田区,南千束１丁目,台地2,2,3
大田区,南千束２丁目,台地2,1,1
大田区,南千束３丁目,台地2,2,4
大田区,南馬込１丁目,台地2,2,3
大田区,南馬込２丁目,台地2,2,3
大田区,南馬込３丁目,谷底低地3,3,3
大田区,南馬込４丁目,谷底低地2,2,3
大田区,南馬込５丁目,台地2,2,2
大田区,南馬込６丁目,台地2,2,2
大田区,南雪谷１丁目,台地1,2,2
大田区,南雪谷２丁目,台地1,2,2
大田区,南雪谷３丁目,台地1,2,2
大田区,南雪谷４丁目,台地1,2,2
大田区,南雪谷５丁目,谷底低地2,2,2
大田区,南六郷１丁目,沖積低地3,3,3
大田区,南六郷２丁目,沖積低地3,3,3
大田区,南六郷３丁目,沖積低地3,2,1
大田区,矢口１丁目,沖積低地3,3,2
大田区,矢口２丁目,沖積低地3,3,2
大田区,矢口３丁目,沖積低地3,3,3
大田区,雪谷大塚町,台地1,2,2
世田谷区,赤堤１丁目,谷底低地2,2,2
世田谷区,赤堤２丁目,谷底低地2,2,2
世田谷区,赤堤３丁目,台地1,1,1
世田谷区,赤堤４丁目,谷底低地2,2,3
世田谷区,赤堤５丁目,台地1,2,3
世田谷区,池尻１丁目,台地1,1,1
世田谷区,池尻２丁目,台地1,2,2
世田谷区,池尻３丁目,台地1,2,2
世田谷区,池尻４丁目,台地1,1,2
世田谷区,宇奈根１丁目,沖積低地1,1,2
世田谷区,宇奈根２丁目,沖積低地1,1,1
世田谷区,宇奈根３丁目,台地1,1,1
世田谷区,梅丘１丁目,台地1,2,3
世田谷区,梅丘２丁目,台地1,2,3
世田谷区,梅丘３丁目,台地1,2,3
世田谷区,大蔵１丁目,台地1,1,1
世田谷区,大蔵２丁目,台地1,1,1
世田谷区,大蔵３丁目,台地1,1,1
世田谷区,大蔵４丁目,台地1,1,1
世田谷区,大蔵５丁目,台地1,1,1
世田谷区,大蔵６丁目,台地1,1,1
世田谷区,大原１丁目,台地2,2,4
世田谷区,大原２丁目,台地2,2,2
世田谷区,岡本１丁目,台地1,1,1
世田谷区,岡本２丁目,沖積低地1,1,1
世田谷区,岡本３丁目,台地1,1,1
世田谷区,奥沢１丁目,台地1,2,3
世田谷区,奥沢２丁目,台地1,2,3
世田谷区,奥沢３丁目,台地1,2,2
世田谷区,奥沢４丁目,台地1,2,3
世田谷区,奥沢５丁目,台地1,2,2
世田谷区,奥沢６丁目,台地1,2,2
世田谷区,奥沢７丁目,谷底低地2,2,2
世田谷区,奥沢８丁目,台地1,2,2
世田谷区,尾山台１丁目,台地1,1,1
世田谷区,尾山台２丁目,台地1,1,1
世田谷区,尾山台３丁目,谷底低地2,2,2
世田谷区,粕谷１丁目,谷底低地2,1,1
世田谷区,粕谷２丁目,台地1,1,1
世田谷区,粕谷３丁目,台地1,2,3
世田谷区,粕谷４丁目,台地1,2,2
世田谷区,鎌田１丁目,沖積低地1,2,2
世田谷区,鎌田２丁目,沖積低地1,1,1
世田谷区,鎌田３丁目,沖積低地1,1,1
世田谷区,鎌田４丁目,沖積低地1,1,1
世田谷区,上馬１丁目,台地1,3,4
世田谷区,上馬２丁目,台地1,2,3
世田谷区,上馬３丁目,台地1,2,3
世田谷区,上馬４丁目,台地1,2,2
世田谷区,上馬５丁目,台地1,2,2
世田谷区,上北沢１丁目,台地1,2,2
世田谷区,上北沢２丁目,台地1,1,1
世田谷区,上北沢３丁目,台地1,2,3
世田谷区,上北沢４丁目,台地1,2,2
世田谷区,上北沢５丁目,台地1,2,2
世田谷区,上祖師谷１丁目,台地1,2,2
世田谷区,上祖師谷２丁目,台地1,2,3
世田谷区,上祖師谷３丁目,台地1,2,3
世田谷区,上祖師谷４丁目,台地1,1,1
世田谷区,上祖師谷５丁目,台地1,2,3
世田谷区,上祖師谷６丁目,台地1,2,2
世田谷区,上祖師谷７丁目,台地1,2,2
世田谷区,上野毛１丁目,台地1,2,2
世田谷区,上野毛２丁目,台地1,1,1
世田谷区,上野毛３丁目,台地1,1,1
世田谷区,上野毛４丁目,台地1,2,2
世田谷区,上用賀１丁目,台地1,1,1
世田谷区,上用賀２丁目,台地1,1,1
世田谷区,上用賀３丁目,台地1,1,1
世田谷区,上用賀４丁目,台地1,1,1
世田谷区,上用賀５丁目,台地1,1,1
世田谷区,上用賀６丁目,台地1,1,1
世田谷区,北烏山１丁目,台地1,2,2
世田谷区,北烏山２丁目,台地1,1,1
世田谷区,北烏山３丁目,台地1,1,2
世田谷区,北烏山４丁目,台地1,2,2
世田谷区,北烏山５丁目,台地1,1,1
世田谷区,北烏山６丁目,台地1,2,2
世田谷区,北烏山７丁目,台地1,2,2
世田谷区,北烏山８丁目,台地1,1,1
世田谷区,北烏山９丁目,台地1,1,1
世田谷区,北沢１丁目,台地1,2,4
世田谷区,北沢２丁目,台地1,2,2
世田谷区,北沢３丁目,台地2,3,3
世田谷区,北沢４丁目,台地2,2,4
世田谷区,北沢５丁目,台地2,3,4
世田谷区,喜多見１丁目,沖積低地1,1,2
世田谷区,喜多見２丁目,沖積低地1,1,1
世田谷区,喜多見３丁目,台地1,1,2
世田谷区,喜多見４丁目,台地1,1,1
世田谷区,喜多見５丁目,台地1,1,1
世田谷区,喜多見６丁目,台地1,1,1
世田谷区,喜多見７丁目,台地1,1,2
世田谷区,喜多見８丁目,台地1,1,1
世田谷区,喜多見９丁目,台地1,1,2
世田谷区,砧１丁目,台地1,1,1
世田谷区,砧２丁目,台地1,1,1
世田谷区,砧３丁目,台地1,2,2
世田谷区,砧４丁目,台地1,1,2
世田谷区,砧５丁目,台地1,1,1
世田谷区,砧６丁目,台地1,2,2
世田谷区,砧７丁目,台地1,1,1
世田谷区,砧８丁目,台地1,2,2
世田谷区,砧公園,台地1,1,1
世田谷区,給田１丁目,台地1,2,2
世田谷区,給田２丁目,谷底低地2,2,2
世田谷区,給田３丁目,台地1,2,2
世田谷区,給田４丁目,台地1,1,2
世田谷区,給田５丁目,台地1,1,1
世田谷区,経堂１丁目,谷底低地2,2,3
世田谷区,経堂２丁目,台地1,2,4
世田谷区,経堂３丁目,台地1,2,4
世田谷区,経堂４丁目,台地1,2,2
世田谷区,経堂５丁目,台地1,2,2
世田谷区,駒沢１丁目,台地1,1,2
世田谷区,駒沢２丁目,台地1,2,3
世田谷区,駒沢３丁目,台地1,2,2
世田谷区,駒沢４丁目,台地1,2,4
世田谷区,駒沢５丁目,台地1,2,2
世田谷区,駒沢公園,台地1,1,1
世田谷区,豪徳寺１丁目,台地1,2,3
世田谷区,豪徳寺２丁目,台地1,2,2
世田谷区,桜１丁目,台地1,2,3
世田谷区,桜２丁目,台地1,2,3
世田谷区,桜３丁目,台地1,2,2
世田谷区,桜丘１丁目,台地1,1,3
世田谷区,桜丘２丁目,台地1,2,3
世田谷区,桜丘３丁目,台地1,2,3
世田谷区,桜丘４丁目,台地1,2,2
世田谷区,桜丘５丁目,台地1,1,2
世田谷区,桜新町１丁目,台地1,2,2
世田谷区,桜新町２丁目,台地1,1,1
世田谷区,桜上水１丁目,台地1,1,2
世田谷区,桜上水２丁目,台地1,2,3
世田谷区,桜上水３丁目,台地1,1,1
世田谷区,桜上水４丁目,谷底低地2,1,1
世田谷区,桜上水５丁目,台地1,1,2
世田谷区,三軒茶屋１丁目,谷底低地2,2,3
世田谷区,三軒茶屋２丁目,谷底低地2,2,2
世田谷区,下馬１丁目,台地1,2,3
世田谷区,下馬２丁目,台地1,1,1
世田谷区,下馬３丁目,台地1,2,3
世田谷区,下馬４丁目,台地1,1,2
世田谷区,下馬５丁目,台地1,2,3
世田谷区,下馬６丁目,台地1,2,2
世田谷区,新町１丁目,台地1,2,2
世田谷区,新町２丁目,台地1,2,3
世田谷区,新町３丁目,台地1,1,1
世田谷区,成城１丁目,台地1,1,1
世田谷区,成城２丁目,台地1,1,2
世田谷区,成城３丁目,台地1,1,1
世田谷区,成城４丁目,台地1,1,1
世田谷区,成城５丁目,台地1,1,1
世田谷区,成城６丁目,台地1,1,1
世田谷区,成城７丁目,台地1,1,2
世田谷区,成城８丁目,台地1,1,1
世田谷区,成城９丁目,台地1,1,2
世田谷区,瀬田１丁目,台地1,1,1
世田谷区,瀬田２丁目,台地1,1,1
世田谷区,瀬田３丁目,台地1,2,2
世田谷区,瀬田４丁目,台地1,1,1
世田谷区,瀬田５丁目,台地1,1,2
世田谷区,世田谷１丁目,台地1,2,3
世田谷区,世田谷２丁目,台地1,2,2
世田谷区,世田谷３丁目,谷底低地2,2,2
世田谷区,世田谷４丁目,台地1,2,2
世田谷区,祖師谷１丁目,台地1,2,4
世田谷区,祖師谷２丁目,台地1,1,2
世田谷区,祖師谷３丁目,台地1,2,2
世田谷区,祖師谷４丁目,台地1,2,2
世田谷区,祖師谷５丁目,台地1,2,3
世田谷区,祖師谷６丁目,台地1,2,3
世田谷区,太子堂１丁目,台地1,1,1
世田谷区,太子堂２丁目,台地1,2,3
世田谷区,太子堂３丁目,台地1,2,3
世田谷区,太子堂４丁目,台地1,2,3
世田谷区,太子堂５丁目,台地1,3,4
世田谷区,玉川１丁目,沖積低地1,1,1
世田谷区,玉川２丁目,沖積低地1,1,1
世田谷区,玉川３丁目,沖積低地1,1,1
世田谷区,玉川４丁目,沖積低地1,1,1
世田谷区,玉川台１丁目,台地1,1,1
世田谷区,玉川台２丁目,台地1,1,1
世田谷区,玉川田園調布１丁目,台地1,1,1
世田谷区,玉川田園調布２丁目,台地1,1,1
世田谷区,玉堤１丁目,沖積低地1,1,1
世田谷区,玉堤２丁目,沖積低地1,1,1
世田谷区,代沢１丁目,台地1,2,3
世田谷区,代沢２丁目,台地1,2,3
世田谷区,代沢３丁目,台地1,2,2
世田谷区,代沢４丁目,台地1,2,2
世田谷区,代沢５丁目,谷底低地2,2,3
世田谷区,代田１丁目,台地1,2,3
世田谷区,代田２丁目,台地1,2,3
世田谷区,代田３丁目,台地1,2,3
世田谷区,代田４丁目,台地1,1,3
世田谷区,代田５丁目,台地1,2,2
世田谷区,代田６丁目,台地2,2,3
世田谷区,千歳台１丁目,台地1,1,2
世田谷区,千歳台２丁目,台地1,2,3
世田谷区,千歳台３丁目,台地1,1,1
世田谷区,千歳台４丁目,台地1,1,1
世田谷区,千歳台５丁目,台地1,1,2
世田谷区,千歳台６丁目,台地1,1,1
世田谷区,弦巻１丁目,台地1,1,2
世田谷区,弦巻２丁目,台地1,2,3
世田谷区,弦巻３丁目,台地1,1,1
世田谷区,弦巻４丁目,台地1,1,1
世田谷区,弦巻５丁目,台地1,1,1
世田谷区,等々力１丁目,台地1,1,1
世田谷区,等々力２丁目,台地1,2,2
世田谷区,等々力３丁目,台地1,2,2
世田谷区,等々力４丁目,谷底低地2,2,2
世田谷区,等々力５丁目,谷底低地2,2,3
世田谷区,等々力６丁目,谷底低地2,2,2
世田谷区,等々力７丁目,台地1,1,1
世田谷区,等々力８丁目,台地1,1,2
世田谷区,中町１丁目,台地1,1,1
世田谷区,中町２丁目,台地1,1,1
世田谷区,中町３丁目,台地1,1,2
世田谷区,中町４丁目,台地1,2,2
世田谷区,中町５丁目,台地1,2,2
世田谷区,野毛１丁目,台地1,1,1
世田谷区,野毛２丁目,台地1,1,1
世田谷区,野毛３丁目,沖積低地1,1,1
世田谷区,野沢１丁目,台地1,2,4
世田谷区,野沢２丁目,台地1,2,3
世田谷区,野沢３丁目,台地1,1,1
世田谷区,野沢４丁目,台地1,2,3
世田谷区,八幡山１丁目,台地1,2,2
世田谷区,八幡山２丁目,台地1,1,1
世田谷区,八幡山３丁目,台地1,2,3
世田谷区,羽根木１丁目,台地2,2,3
世田谷区,羽根木２丁目,台地2,2,4
世田谷区,東玉川１丁目,台地1,2,3
世田谷区,東玉川２丁目,台地1,2,3
世田谷区,深沢１丁目,台地1,2,1
世田谷区,深沢２丁目,台地1,1,1
世田谷区,深沢３丁目,台地1,2,3
世田谷区,深沢４丁目,台地1,1,1
世田谷区,深沢５丁目,台地1,1,2
世田谷区,深沢６丁目,台地1,1,1
世田谷区,深沢７丁目,台地1,1,2
世田谷区,深沢８丁目,台地1,1,2
世田谷区,船橋１丁目,台地1,2,4
世田谷区,船橋２丁目,台地1,1,2
世田谷区,船橋３丁目,台地1,1,2
世田谷区,船橋４丁目,台地1,1,2
世田谷区,船橋５丁目,台地1,1,2
世田谷区,船橋６丁目,谷底低地2,1,1
世田谷区,船橋７丁目,台地1,1,1
世田谷区,松原１丁目,台地2,2,4
世田谷区,松原２丁目,台地2,2,2
世田谷区,松原３丁目,台地2,2,4
世田谷区,松原４丁目,台地1,2,4
世田谷区,松原５丁目,台地1,2,3
世田谷区,松原６丁目,谷底低地2,2,2
世田谷区,三宿１丁目,台地1,2,3
世田谷区,三宿２丁目,台地1,2,2
世田谷区,南烏山１丁目,台地1,1,2
世田谷区,南烏山２丁目,台地1,1,1
世田谷区,南烏山３丁目,台地1,2,1
世田谷区,南烏山４丁目,台地1,2,2
世田谷区,南烏山５丁目,台地1,2,2
世田谷区,南烏山６丁目,台地1,1,1
世田谷区,宮坂１丁目,谷底低地2,2,3
世田谷区,宮坂２丁目,台地1,2,2
世田谷区,宮坂３丁目,台地1,2,3
世田谷区,用賀１丁目,台地1,1,1
世田谷区,用賀２丁目,台地1,1,1
世田谷区,用賀３丁目,台地1,2,1
世田谷区,用賀４丁目,台地1,1,1
世田谷区,若林１丁目,台地1,2,4
世田谷区,若林２丁目,台地1,2,4
世田谷区,若林３丁目,台地1,2,3
世田谷区,若林４丁目,台地1,2,2
世田谷区,若林５丁目,台地1,2,3
渋谷区,上原１丁目,台地2,2,2
渋谷区,上原２丁目,台地2,2,2
渋谷区,上原３丁目,台地2,2,2
渋谷区,鶯谷町,台地2,2,1
渋谷区,宇田川町,台地2,1,1
渋谷区,恵比寿１丁目,谷底低地2,1,1
渋谷区,恵比寿２丁目,台地2,2,2
渋谷区,恵比寿３丁目,台地2,2,2
渋谷区,恵比寿４丁目,台地2,1,1
渋谷区,恵比寿西１丁目,台地2,2,1
渋谷区,恵比寿西２丁目,台地2,1,1
渋谷区,恵比寿南１丁目,台地2,2,1
渋谷区,恵比寿南２丁目,台地2,2,1
渋谷区,恵比寿南３丁目,台地2,1,1
渋谷区,大山町,台地2,1,1
渋谷区,神山町,台地2,1,1
渋谷区,桜丘町,台地2,1,1
渋谷区,笹塚１丁目,台地2,2,2
渋谷区,笹塚２丁目,台地2,2,2
渋谷区,笹塚３丁目,谷底低地2,3,2
渋谷区,猿楽町,台地2,2,1
渋谷区,渋谷１丁目,台地2,1,1
渋谷区,渋谷２丁目,台地2,1,1
渋谷区,渋谷３丁目,谷底低地2,1,1
渋谷区,渋谷４丁目,台地2,1,1
渋谷区,松濤１丁目,台地2,1,1
渋谷区,松濤２丁目,台地2,1,1
渋谷区,神泉町,台地2,2,1
渋谷区,神宮前１丁目,台地2,1,1
渋谷区,神宮前２丁目,台地2,2,1
渋谷区,神宮前３丁目,台地2,2,2
渋谷区,神宮前４丁目,台地2,2,1
渋谷区,神宮前５丁目,台地2,1,1
渋谷区,神宮前６丁目,谷底低地2,1,1
渋谷区,神南１丁目,谷底低地2,1,1
渋谷区,神南２丁目,台地2,1,1
渋谷区,千駄ヶ谷１丁目,台地2,1,1
渋谷区,千駄ヶ谷２丁目,台地2,1,1
渋谷区,千駄ヶ谷３丁目,台地2,1,1
渋谷区,千駄ヶ谷４丁目,台地2,1,1
渋谷区,千駄ヶ谷５丁目,台地2,1,1
渋谷区,千駄ヶ谷６丁目,台地2,1,1
渋谷区,代官山町,谷底低地2,2,1
渋谷区,富ヶ谷１丁目,台地2,2,1
渋谷区,富ヶ谷２丁目,台地2,2,2
渋谷区,道玄坂１丁目,台地2,1,1
渋谷区,道玄坂２丁目,谷底低地2,2,1
渋谷区,南平台町,台地2,1,1
渋谷区,西原１丁目,台地2,2,2
渋谷区,西原２丁目,台地2,2,2
渋谷区,西原３丁目,台地2,2,2
渋谷区,幡ヶ谷１丁目,台地2,2,1
渋谷区,幡ヶ谷２丁目,台地2,2,2
渋谷区,幡ヶ谷３丁目,谷底低地2,3,3
渋谷区,鉢山町,台地2,1,1
渋谷区,初台１丁目,台地2,2,2
渋谷区,初台２丁目,台地2,2,2
渋谷区,東１丁目,台地2,1,1
渋谷区,東２丁目,台地2,2,2
渋谷区,東３丁目,谷底低地2,2,2
渋谷区,東４丁目,台地2,1,1
渋谷区,広尾１丁目,谷底低地2,1,1
渋谷区,広尾２丁目,台地2,2,2
渋谷区,広尾３丁目,台地2,2,1
渋谷区,広尾４丁目,台地2,1,1
渋谷区,広尾５丁目,谷底低地2,2,1
渋谷区,本町１丁目,台地2,2,2
渋谷区,本町２丁目,台地2,3,3
渋谷区,本町３丁目,台地2,2,2
渋谷区,本町４丁目,台地2,3,3
渋谷区,本町５丁目,谷底低地2,3,3
渋谷区,本町６丁目,台地2,3,3
渋谷区,円山町,台地2,2,1
渋谷区,元代々木町,谷底低地3,2,1
渋谷区,代々木１丁目,台地2,2,1
渋谷区,代々木２丁目,台地2,1,1
渋谷区,代々木３丁目,台地2,1,1
渋谷区,代々木４丁目,台地2,2,1
渋谷区,代々木５丁目,台地2,2,1
渋谷区,代々木神園町,台地2,1,1
中野区,新井１丁目,台地1,3,3
中野区,新井２丁目,台地1,2,2
中野区,新井３丁目,台地1,2,2
中野区,新井４丁目,谷底低地2,2,1
中野区,新井５丁目,台地1,2,2
中野区,江古田１丁目,台地1,2,2
中野区,江古田２丁目,台地1,2,2
中野区,江古田３丁目,台地1,1,1
中野区,江古田４丁目,台地1,2,2
中野区,江原町１丁目,台地1,2,2
中野区,江原町２丁目,台地1,2,2
中野区,江原町３丁目,台地1,2,2
中野区,上鷺宮１丁目,台地1,2,2
中野区,上鷺宮２丁目,台地1,1,2
中野区,上鷺宮３丁目,台地1,1,1
中野区,上鷺宮４丁目,台地1,2,2
中野区,上鷺宮５丁目,台地1,2,3
中野区,上高田１丁目,台地1,2,4
中野区,上高田２丁目,台地1,3,4
中野区,上高田３丁目,台地1,3,3
中野区,上高田４丁目,台地1,2,2
中野区,上高田５丁目,台地1,2,2
中野区,鷺宮１丁目,台地1,2,3
中野区,鷺宮２丁目,台地1,2,1
中野区,鷺宮３丁目,台地1,2,3
中野区,鷺宮４丁目,台地1,2,2
中野区,鷺宮５丁目,台地1,2,3
中野区,鷺宮６丁目,谷底低地1,2,2
中野区,白鷺１丁目,台地1,2,2
中野区,白鷺２丁目,台地1,2,2
中野区,白鷺３丁目,谷底低地2,2,2
中野区,中央１丁目,台地1,2,2
中野区,中央２丁目,台地1,2,3
中野区,中央３丁目,台地1,2,3
中野区,中央４丁目,台地1,3,4
中野区,中央５丁目,台地1,2,3
中野区,中野１丁目,谷底低地2,3,4
中野区,中野２丁目,台地1,1,1
中野区,中野３丁目,台地1,2,2
中野区,中野４丁目,台地1,1,1
中野区,中野５丁目,台地1,3,3
中野区,中野６丁目,台地1,2,3
中野区,沼袋１丁目,谷底低地2,3,3
中野区,沼袋２丁目,台地1,2,3
中野区,沼袋３丁目,谷底低地2,3,3
中野区,沼袋４丁目,台地1,2,3
中野区,野方１丁目,台地1,3,4
中野区,野方２丁目,谷底低地2,3,4
中野区,野方３丁目,谷底低地2,2,3
中野区,野方４丁目,台地1,2,3
中野区,野方５丁目,台地1,2,3
中野区,野方６丁目,谷底低地1,2,3
中野区,東中野１丁目,谷底低地2,3,2
中野区,東中野２丁目,台地1,2,3
中野区,東中野３丁目,台地1,2,2
中野区,東中野４丁目,谷底低地1,2,3
中野区,東中野５丁目,谷底低地2,2,1
中野区,本町１丁目,谷底低地2,2,3
中野区,本町２丁目,台地1,2,4
中野区,本町３丁目,台地1,2,2
中野区,本町４丁目,台地1,2,4
中野区,本町５丁目,谷底低地2,2,2
中野区,本町６丁目,台地1,3,4
中野区,松が丘１丁目,台地1,2,3
中野区,松が丘２丁目,谷底低地2,2,2
中野区,丸山１丁目,台地1,2,2
中野区,丸山２丁目,台地1,2,3
中野区,南台１丁目,台地1,2,2
中野区,南台２丁目,台地1,3,4
中野区,南台３丁目,台地1,2,2
中野区,南台４丁目,台地1,3,3
中野区,南台５丁目,谷底低地2,2,2
中野区,大和町１丁目,台地1,3,4
中野区,大和町２丁目,台地1,2,4
中野区,大和町３丁目,台地1,3,4
中野区,大和町４丁目,谷底低地2,3,4
中野区,弥生町１丁目,台地1,2,3
中野区,弥生町２丁目,谷底低地2,2,2
中野区,弥生町３丁目,台地1,3,3
中野区,弥生町４丁目,台地1,2,2
中野区,弥生町５丁目,台地1,1,2
中野区,弥生町６丁目,台地1,1,1
中野区,若宮１丁目,台地1,2,4
中野区,若宮２丁目,台地1,2,4
中野区,若宮３丁目,台地1,2,3
杉並区,阿佐谷北１丁目,谷底低地2,3,3
杉並区,阿佐谷北２丁目,台地1,2,4
杉並区,阿佐谷北３丁目,台地1,2,4
杉並区,阿佐谷北４丁目,台地1,2,3
杉並区,阿佐谷北５丁目,台地1,2,3
杉並区,阿佐谷北６丁目,台地1,2,3
杉並区,阿佐谷南１丁目,台地1,2,4
杉並区,阿佐谷南２丁目,台地1,2,3
杉並区,阿佐谷南３丁目,台地1,2,3
杉並区,天沼１丁目,台地1,2,4
杉並区,天沼２丁目,台地1,2,4
杉並区,天沼３丁目,台地1,2,3
杉並区,井草１丁目,台地1,2,2
杉並区,井草２丁目,台地1,2,2
杉並区,井草３丁目,台地1,1,1
杉並区,井草４丁目,台地1,1,1
杉並区,井草５丁目,台地1,2,2
杉並区,和泉１丁目,台地1,3,4
杉並区,和泉２丁目,台地1,2,3
杉並区,和泉３丁目,台地1,2,2
杉並区,和泉４丁目,台地1,2,3
杉並区,今川１丁目,台地1,2,2
杉並区,今川２丁目,台地1,1,1
杉並区,今川３丁目,台地1,2,2
杉並区,今川４丁目,台地1,2,2
杉並区,梅里１丁目,台地1,2,2
杉並区,梅里２丁目,台地1,2,4
杉並区,永福１丁目,谷底低地2,1,2
杉並区,永福２丁目,台地1,2,2
杉並区,永福３丁目,台地1,2,2
杉並区,永福４丁目,台地1,2,3
杉並区,大宮１丁目,台地1,2,2
杉並区,大宮２丁目,台地1,1,1
杉並区,荻窪１丁目,台地1,2,3
杉並区,荻窪２丁目,台地1,2,2
杉並区,荻窪３丁目,台地1,2,3
杉並区,荻窪４丁目,台地1,2,2
杉並区,荻窪５丁目,台地1,1,1
杉並区,上井草１丁目,台地1,1,2
杉並区,上井草２丁目,台地1,2,2
杉並区,上井草３丁目,台地1,1,1
杉並区,上井草４丁目,台地1,1,2
杉並区,上荻１丁目,台地1,2,1
杉並区,上荻２丁目,台地1,2,2
杉並区,上荻３丁目,台地1,2,2
杉並区,上荻４丁目,台地1,2,2
杉並区,上高井戸１丁目,台地1,2,2
杉並区,上高井戸２丁目,台地1,1,2
杉並区,上高井戸３丁目,台地1,1,2
杉並区,久我山１丁目,台地1,1,1
杉並区,久我山２丁目,台地1,1,2
杉並区,久我山３丁目,台地1,2,2
杉並区,久我山４丁目,台地1,2,3
杉並区,久我山５丁目,台地1,2,2
杉並区,高円寺北１丁目,台地1,2,4
杉並区,高円寺北２丁目,台地1,2,3
杉並区,高円寺北３丁目,台地1,3,5
杉並区,高円寺北４丁目,台地1,2,3
杉並区,高円寺南１丁目,台地1,2,3
杉並区,高円寺南２丁目,台地1,2,2
杉並区,高円寺南３丁目,台地1,2,4
杉並区,高円寺南４丁目,谷底低地2,2,2
杉並区,高円寺南５丁目,台地1,2,3
杉並区,清水１丁目,台地1,2,2
杉並区,清水２丁目,台地1,2,2
杉並区,清水３丁目,台地1,2,2
杉並区,下井草１丁目,台地1,2,3
杉並区,下井草２丁目,台地1,2,2
杉並区,下井草３丁目,台地1,2,2
杉並区,下井草４丁目,台地1,2,2
杉並区,下井草５丁目,台地1,2,2
杉並区,下高井戸１丁目,台地2,2,2
杉並区,下高井戸２丁目,台地2,2,2
杉並区,下高井戸３丁目,谷底低地2,2,3
杉並区,下高井戸４丁目,台地1,2,4
杉並区,下高井戸５丁目,台地1,2,3
杉並区,松庵１丁目,台地1,2,3
杉並区,松庵２丁目,台地1,2,3
杉並区,松庵３丁目,台地1,2,4
杉並区,善福寺１丁目,台地1,2,2
杉並区,善福寺２丁目,台地1,2,3
杉並区,善福寺３丁目,台地1,1,1
杉並区,善福寺４丁目,台地1,2,2
杉並区,高井戸西１丁目,台地1,1,1
杉並区,高井戸西２丁目,台地1,1,1
杉並区,高井戸西３丁目,台地1,1,2
杉並区,高井戸東１丁目,台地1,1,2
杉並区,高井戸東２丁目,台地1,2,3
杉並区,高井戸東３丁目,台地1,1,2
杉並区,高井戸東４丁目,台地1,1,2
杉並区,成田西１丁目,台地1,2,2
杉並区,成田西２丁目,台地1,2,3
杉並区,成田西３丁目,台地1,2,2
杉並区,成田西４丁目,谷底低地2,2,2
杉並区,成田東１丁目,谷底低地2,3,4
杉並区,成田東２丁目,台地1,2,3
杉並区,成田東３丁目,台地1,2,4
杉並区,成田東４丁目,台地1,2,3
杉並区,成田東５丁目,台地1,2,4
杉並区,西荻北１丁目,台地1,2,2
杉並区,西荻北２丁目,台地1,2,3
杉並区,西荻北３丁目,台地1,2,2
杉並区,西荻北４丁目,台地1,2,4
杉並区,西荻北５丁目,台地1,2,3
杉並区,西荻南１丁目,台地1,2,3
杉並区,西荻南２丁目,台地1,2,4
杉並区,西荻南３丁目,台地1,2,2
杉並区,西荻南４丁目,台地1,2,3
杉並区,浜田山１丁目,台地1,2,3
杉並区,浜田山２丁目,台地1,1,2
杉並区,浜田山３丁目,台地1,2,2
杉並区,浜田山４丁目,台地1,1,2
杉並区,方南１丁目,台地1,3,4
杉並区,方南２丁目,台地1,2,2
杉並区,堀ノ内１丁目,台地1,1,2
杉並区,堀ノ内２丁目,谷底低地2,2,3
杉並区,堀ノ内３丁目,台地1,2,3
杉並区,本天沼１丁目,台地1,2,4
杉並区,本天沼２丁目,台地1,2,4
杉並区,本天沼３丁目,台地1,2,3
杉並区,松ノ木１丁目,台地1,2,2
杉並区,松ノ木２丁目,台地1,2,3
杉並区,松ノ木３丁目,台地1,2,4
杉並区,南荻窪１丁目,台地1,2,3
杉並区,南荻窪２丁目,台地1,2,3
杉並区,南荻窪３丁目,台地1,2,3
杉並区,南荻窪４丁目,台地1,2,2
杉並区,宮前１丁目,台地1,1,2
杉並区,宮前２丁目,台地1,1,2
杉並区,宮前３丁目,谷底低地1,2,3
杉並区,宮前４丁目,台地1,2,2
杉並区,宮前５丁目,台地1,2,3
杉並区,桃井１丁目,台地1,2,3
杉並区,桃井２丁目,台地1,2,3
杉並区,桃井３丁目,台地1,1,1
杉並区,桃井４丁目,台地1,2,2
杉並区,和田１丁目,谷底低地2,2,2
杉並区,和田２丁目,台地1,2,2
杉並区,和田３丁目,台地1,2,3
豊島区,池袋１丁目,台地1,2,2
豊島区,池袋２丁目,台地1,2,1
豊島区,池袋３丁目,台地1,3,3
豊島区,池袋４丁目,台地1,2,2
豊島区,池袋本町１丁目,台地1,2,2
豊島区,池袋本町２丁目,台地1,3,3
豊島区,池袋本町３丁目,谷底低地2,3,4
豊島区,池袋本町４丁目,谷底低地2,3,3
豊島区,要町１丁目,台地1,2,4
豊島区,要町２丁目,谷底低地1,2,2
豊島区,要町３丁目,台地1,2,2
豊島区,上池袋１丁目,台地1,2,3
豊島区,上池袋２丁目,台地1,2,3
豊島区,上池袋３丁目,台地1,3,4
豊島区,上池袋４丁目,台地1,2,3
豊島区,北大塚１丁目,台地1,2,2
豊島区,北大塚２丁目,谷底低地2,2,2
豊島区,北大塚３丁目,台地1,3,3
豊島区,駒込１丁目,台地1,2,1
豊島区,駒込２丁目,谷底低地2,2,2
豊島区,駒込３丁目,台地1,3,3
豊島区,駒込４丁目,台地1,1,1
豊島区,駒込５丁目,台地1,1,1
豊島区,駒込６丁目,谷底低地2,3,4
豊島区,駒込７丁目,台地1,3,3
豊島区,巣鴨１丁目,台地1,2,1
豊島区,巣鴨２丁目,台地1,1,1
豊島区,巣鴨３丁目,台地1,2,2
豊島区,巣鴨４丁目,台地1,2,2
豊島区,巣鴨５丁目,台地1,2,3
豊島区,雑司が谷１丁目,台地1,2,3
豊島区,雑司が谷２丁目,谷底低地2,3,3
豊島区,雑司が谷３丁目,台地1,2,2
豊島区,高田１丁目,谷底低地2,3,2
豊島区,高田２丁目,谷底低地2,2,1
豊島区,高田３丁目,谷底低地2,2,1
豊島区,高松１丁目,谷底低地2,2,2
豊島区,高松２丁目,台地1,2,3
豊島区,高松３丁目,台地1,2,2
豊島区,長崎１丁目,谷底低地3,3,3
豊島区,長崎２丁目,谷底低地3,3,4
豊島区,長崎３丁目,谷底低地1,3,4
豊島区,長崎４丁目,台地1,3,4
豊島区,長崎５丁目,台地1,2,3
豊島区,長崎６丁目,台地1,2,2
豊島区,西池袋１丁目,台地1,1,1
豊島区,西池袋２丁目,台地1,2,2
豊島区,西池袋３丁目,台地1,1,1
豊島区,西池袋４丁目,谷底低地3,3,2
豊島区,西池袋５丁目,台地1,2,1
豊島区,西巣鴨１丁目,台地1,2,2
豊島区,西巣鴨２丁目,台地1,3,3
豊島区,西巣鴨３丁目,台地1,2,2
豊島区,西巣鴨４丁目,台地1,2,2
豊島区,東池袋１丁目,台地1,1,1
豊島区,東池袋２丁目,台地1,2,2
豊島区,東池袋３丁目,台地1,1,1
豊島区,東池袋４丁目,台地1,2,1
豊島区,東池袋５丁目,台地1,3,4
豊島区,南池袋１丁目,台地1,1,1
豊島区,南池袋２丁目,台地1,1,1
豊島区,南池袋３丁目,台地1,2,2
豊島区,南池袋４丁目,台地1,2,2
豊島区,南大塚１丁目,谷底低地2,3,3
豊島区,南大塚２丁目,台地1,2,2
豊島区,南大塚３丁目,台地1,2,1
豊島区,南長崎１丁目,台地1,2,2
豊島区,南長崎２丁目,台地1,3,3
豊島区,南長崎３丁目,台地1,3,4
豊島区,南長崎４丁目,台地1,2,3
豊島区,南長崎５丁目,谷底低地1,3,3
豊島区,南長崎６丁目,台地1,2,2
豊島区,目白１丁目,台地1,1,1
豊島区,目白２丁目,台地1,2,3
豊島区,目白３丁目,台地1,2,1
豊島区,目白４丁目,台地1,2,2
豊島区,目白５丁目,谷底低地3,3,3
豊島区,千川１丁目,台地1,2,2
豊島区,千川２丁目,台地1,2,2
豊島区,千早１丁目,谷底低地2,3,2
豊島区,千早２丁目,台地1,2,2
豊島区,千早３丁目,台地1,2,3
豊島区,千早４丁目,台地1,2,3
北区,赤羽１丁目,沖積低地2,3,2
北区,赤羽２丁目,沖積低地3,3,2
北区,赤羽３丁目,沖積低地2,3,3
北区,赤羽北１丁目,沖積低地2,3,2
北区,赤羽北２丁目,沖積低地2,2,2
北区,赤羽北３丁目,台地1,1,1
北区,赤羽台１丁目,台地1,1,1
北区,赤羽台２丁目,台地1,1,1
北区,赤羽台３丁目,台地1,3,3
北区,赤羽台４丁目,台地1,1,1
北区,赤羽西１丁目,沖積低地2,3,3
北区,赤羽西２丁目,台地1,2,3
北区,赤羽西３丁目,台地1,3,3
北区,赤羽西４丁目,谷底低地2,3,4
北区,赤羽西５丁目,台地1,1,1
北区,赤羽西６丁目,台地1,2,2
北区,赤羽南１丁目,沖積低地3,3,3
北区,赤羽南２丁目,沖積低地2,2,1
北区,岩淵町,沖積低地3,4,4
北区,浮間１丁目,沖積低地3,2,1
北区,浮間２丁目,沖積低地4,3,2
北区,浮間３丁目,沖積低地3,2,2
北区,浮間４丁目,沖積低地3,2,1
北区,浮間５丁目,沖積低地3,1,1
北区,王子１丁目,沖積低地2,1,1
北区,王子２丁目,沖積低地2,3,3
北区,王子３丁目,沖積低地3,3,3
北区,王子４丁目,沖積低地3,4,3
北区,王子５丁目,沖積低地3,2,2
北区,王子６丁目,沖積低地3,1,1
北区,王子本町１丁目,台地1,2,1
北区,王子本町２丁目,台地1,3,3
北区,王子本町３丁目,台地1,1,1
北区,上十条１丁目,台地1,3,4
北区,上十条２丁目,台地1,3,4
北区,上十条３丁目,台地1,3,3
北区,上十条４丁目,台地1,3,3
北区,上十条５丁目,台地1,3,5
北区,上中里１丁目,台地1,3,4
北区,上中里２丁目,沖積低地2,3,3
北区,上中里３丁目,沖積低地3,5,5
北区,神谷１丁目,沖積低地3,4,4
北区,神谷２丁目,沖積低地3,3,3
北区,神谷３丁目,沖積低地3,3,4
北区,岸町１丁目,沖積低地2,3,2
北区,岸町２丁目,沖積低地2,5,5
北区,桐ケ丘１丁目,台地1,1,1
北区,桐ケ丘２丁目,台地1,1,1
北区,栄町,沖積低地2,3,4
北区,志茂１丁目,沖積低地3,4,5
北区,志茂２丁目,沖積低地3,4,5
北区,志茂３丁目,沖積低地4,3,3
北区,志茂４丁目,沖積低地5,4,5
北区,志茂５丁目,沖積低地5,4,5
北区,昭和町１丁目,沖積低地2,3,2
北区,昭和町２丁目,沖積低地3,3,2
北区,昭和町３丁目,沖積低地3,3,2
北区,十条台１丁目,台地1,1,1
北区,十条台２丁目,台地1,1,1
北区,十条仲原１丁目,谷底低地1,3,4
北区,十条仲原２丁目,台地1,3,3
北区,十条仲原３丁目,台地1,3,4
北区,十条仲原４丁目,台地1,3,3
北区,滝野川１丁目,台地1,3,3
北区,滝野川２丁目,台地1,3,3
北区,滝野川３丁目,台地1,2,3
北区,滝野川４丁目,台地1,3,3
北区,滝野川５丁目,台地1,3,4
北区,滝野川６丁目,台地1,3,4
北区,滝野川７丁目,台地1,2,1
北区,田端１丁目,谷底低地2,3,3
北区,田端２丁目,谷底低地2,2,2
北区,田端３丁目,谷底低地2,3,2
北区,田端４丁目,谷底低地2,3,2
北区,田端５丁目,台地1,2,3
北区,田端６丁目,台地1,2,2
北区,田端新町１丁目,沖積低地2,3,2
北区,田端新町２丁目,沖積低地2,3,2
北区,田端新町３丁目,沖積低地2,3,2
北区,豊島１丁目,沖積低地3,3,2
北区,豊島２丁目,沖積低地3,3,3
北区,豊島３丁目,沖積低地3,4,4
北区,豊島４丁目,沖積低地3,3,3
北区,豊島５丁目,沖積低地4,1,1
北区,豊島６丁目,沖積低地4,4,4
北区,豊島７丁目,沖積低地3,4,4
北区,豊島８丁目,沖積低地3,4,3
北区,中里１丁目,谷底低地2,3,2
北区,中里２丁目,谷底低地2,3,2
北区,中里３丁目,台地1,2,3
北区,中十条１丁目,谷底低地1,2,3
北区,中十条２丁目,台地1,3,4
北区,中十条３丁目,台地1,3,4
北区,中十条４丁目,台地1,2,2
北区,西が丘１丁目,台地1,2,2
北区,西が丘２丁目,台地1,2,3
北区,西が丘３丁目,台地1,1,1
北区,西ケ原１丁目,台地1,2,2
北区,西ケ原２丁目,台地1,2,2
北区,西ケ原３丁目,台地1,3,3
北区,西ケ原４丁目,台地1,3,3
北区,東十条１丁目,沖積低地2,3,2
北区,東十条２丁目,沖積低地2,3,3
北区,東十条３丁目,沖積低地2,2,2
北区,東十条４丁目,沖積低地2,3,2
北区,東十条５丁目,沖積低地2,4,3
北区,東十条６丁目,沖積低地2,3,2
北区,東田端１丁目,沖積低地2,2,1
北区,東田端２丁目,沖積低地2,1,1
北区,堀船１丁目,沖積低地3,3,4
北区,堀船２丁目,沖積低地3,2,2
北区,堀船３丁目,沖積低地3,4,4
北区,堀船４丁目,沖積低地3,2,2
荒川区,荒川１丁目,沖積低地4,4,4
荒川区,荒川２丁目,沖積低地4,5,5
荒川区,荒川３丁目,沖積低地3,5,5
荒川区,荒川４丁目,沖積低地3,4,4
荒川区,荒川５丁目,沖積低地3,4,4
荒川区,荒川６丁目,沖積低地3,5,5
荒川区,荒川７丁目,沖積低地4,4,4
荒川区,荒川８丁目,沖積低地4,2,1
荒川区,西尾久１丁目,沖積低地2,4,4
荒川区,西尾久２丁目,沖積低地3,5,5
荒川区,西尾久３丁目,沖積低地3,3,3
荒川区,西尾久４丁目,沖積低地2,3,3
荒川区,西尾久５丁目,沖積低地3,5,5
荒川区,西尾久６丁目,沖積低地3,4,5
荒川区,西尾久７丁目,沖積低地3,3,2
荒川区,西尾久８丁目,沖積低地3,3,3
荒川区,西日暮里１丁目,沖積低地3,4,5
荒川区,西日暮里２丁目,沖積低地2,3,2
荒川区,西日暮里３丁目,台地1,3,3
荒川区,西日暮里４丁目,谷底低地2,3,3
荒川区,西日暮里５丁目,沖積低地2,2,2
荒川区,西日暮里６丁目,沖積低地2,3,2
荒川区,東尾久１丁目,沖積低地2,4,4
荒川区,東尾久２丁目,沖積低地3,4,5
荒川区,東尾久３丁目,沖積低地3,4,4
荒川区,東尾久４丁目,沖積低地2,4,5
荒川区,東尾久５丁目,沖積低地3,4,4
荒川区,東尾久６丁目,沖積低地4,5,5
荒川区,東尾久７丁目,沖積低地4,1,1
荒川区,東尾久８丁目,沖積低地4,4,3
荒川区,東日暮里１丁目,沖積低地4,4,2
荒川区,東日暮里２丁目,沖積低地3,4,2
荒川区,東日暮里３丁目,沖積低地3,5,5
荒川区,東日暮里４丁目,沖積低地3,4,3
荒川区,東日暮里５丁目,沖積低地2,3,2
荒川区,東日暮里６丁目,沖積低地3,4,4
荒川区,町屋１丁目,沖積低地4,4,5
荒川区,町屋２丁目,沖積低地3,5,5
荒川区,町屋３丁目,沖積低地4,5,5
荒川区,町屋４丁目,沖積低地4,5,5
荒川区,町屋５丁目,沖積低地4,4,4
荒川区,町屋６丁目,沖積低地4,4,3
荒川区,町屋７丁目,沖積低地4,3,3
荒川区,町屋８丁目,沖積低地4,4,2
荒川区,南千住１丁目,沖積低地4,5,5
荒川区,南千住２丁目,沖積低地4,4,3
荒川区,南千住３丁目,沖積低地4,3,2
荒川区,南千住４丁目,沖積低地4,1,1
荒川区,南千住５丁目,沖積低地4,5,5
荒川区,南千住６丁目,沖積低地4,4,4
荒川区,南千住７丁目,沖積低地4,4,4
荒川区,南千住８丁目,沖積低地4,1,1
板橋区,相生町,沖積低地2,2,1
板橋区,赤塚１丁目,台地1,2,2
板橋区,赤塚２丁目,台地1,2,3
板橋区,赤塚３丁目,台地1,2,1
板橋区,赤塚４丁目,台地1,2,2
板橋区,赤塚５丁目,台地1,2,2
板橋区,赤塚６丁目,台地1,2,2
板橋区,赤塚７丁目,台地1,2,2
板橋区,赤塚８丁目,台地1,1,1
板橋区,赤塚新町１丁目,台地1,2,2
板橋区,赤塚新町２丁目,台地1,2,2
板橋区,赤塚新町３丁目,台地1,1,2
板橋区,小豆沢１丁目,台地1,1,1
板橋区,小豆沢２丁目,台地1,2,1
板橋区,小豆沢３丁目,沖積低地2,1,1
板橋区,小豆沢４丁目,沖積低地2,2,2
板橋区,泉町,台地1,2,3
板橋区,板橋１丁目,台地1,2,1
板橋区,板橋２丁目,台地1,2,1
板橋区,板橋３丁目,台地1,2,3
板橋区,板橋４丁目,台地1,2,2
板橋区,稲荷台,台地1,2,2
板橋区,大原町,台地1,2,2
板橋区,大谷口１丁目,台地1,2,3
板橋区,大谷口２丁目,台地1,2,3
板橋区,大谷口上町,台地1,2,3
板橋区,大谷口北町,谷底低地2,3,3
板橋区,大山金井町,台地1,2,2
板橋区,大山西町,台地1,2,3
板橋区,大山東町,台地1,2,2
板橋区,大山町,台地1,2,2
板橋区,加賀１丁目,谷底低地2,1,1
板橋区,加賀２丁目,谷底低地2,1,1
板橋区,上板橋１丁目,台地1,2,3
板橋区,上板橋２丁目,台地1,2,1
板橋区,上板橋３丁目,台地1,2,2
板橋区,熊野町,谷底低地2,2,2
板橋区,小茂根１丁目,台地1,1,1
板橋区,小茂根２丁目,台地1,2,3
板橋区,小茂根３丁目,台地1,1,1
板橋区,小茂根４丁目,台地1,2,2
板橋区,小茂根５丁目,台地1,1,1
板橋区,幸町,台地1,2,2
板橋区,栄町,台地1,2,2
板橋区,坂下１丁目,沖積低地3,3,2
板橋区,坂下２丁目,沖積低地3,2,2
板橋区,坂下３丁目,沖積低地3,2,2
板橋区,桜川１丁目,谷底低地2,1,1
板橋区,桜川２丁目,台地1,2,2
板橋区,桜川３丁目,谷底低地2,2,2
板橋区,清水町,台地1,3,3
板橋区,志村１丁目,台地1,2,1
板橋区,志村２丁目,台地1,2,1
板橋区,志村３丁目,沖積低地2,2,1
板橋区,新河岸１丁目,沖積低地3,2,1
板橋区,新河岸２丁目,沖積低地3,2,1
板橋区,新河岸３丁目,沖積低地3,1,1
板橋区,高島平１丁目,沖積低地3,2,1
板橋区,高島平２丁目,沖積低地3,1,1
板橋区,高島平３丁目,沖積低地3,1,1
板橋区,高島平４丁目,沖積低地3,2,2
板橋区,高島平５丁目,沖積低地3,3,2
板橋区,高島平６丁目,沖積低地3,1,1
板橋区,高島平７丁目,沖積低地3,2,2
板橋区,高島平８丁目,沖積低地3,1,1
板橋区,高島平９丁目,沖積低地3,1,1
板橋区,大門,沖積低地2,1,1
板橋区,東新町１丁目,台地1,2,2
板橋区,東新町２丁目,谷底低地2,2,2
板橋区,常盤台１丁目,台地1,2,2
板橋区,常盤台２丁目,台地1,2,2
板橋区,常盤台３丁目,台地1,2,3
板橋区,常盤台４丁目,台地1,2,2
板橋区,徳丸１丁目,台地1,2,3
板橋区,徳丸２丁目,台地1,2,2
板橋区,徳丸３丁目,台地1,2,1
板橋区,徳丸４丁目,台地1,2,2
板橋区,徳丸５丁目,台地1,1,1
板橋区,徳丸６丁目,台地1,2,2
板橋区,徳丸７丁目,台地1,1,1
板橋区,徳丸８丁目,台地1,1,1
板橋区,中板橋,谷底低地2,3,3
板橋区,仲宿,台地1,3,3
板橋区,中台１丁目,台地1,3,3
板橋区,中台２丁目,台地1,2,2
板橋区,中台３丁目,台地1,1,1
板橋区,仲町,台地1,2,2
板橋区,中丸町,谷底低地2,2,2
板橋区,成増１丁目,台地1,2,1
板橋区,成増２丁目,台地1,2,2
板橋区,成増３丁目,台地1,2,2
板橋区,成増４丁目,台地1,2,2
板橋区,成増５丁目,沖積低地2,2,1
板橋区,西台１丁目,台地1,2,2
板橋区,西台２丁目,沖積低地2,3,3
板橋区,西台３丁目,台地1,2,2
板橋区,西台４丁目,台地1,1,1
板橋区,蓮沼町,台地1,2,3
板橋区,蓮根１丁目,沖積低地2,3,2
板橋区,蓮根２丁目,沖積低地3,3,3
板橋区,蓮根３丁目,沖積低地3,2,1
板橋区,氷川町,台地1,2,2
板橋区,東坂下１丁目,沖積低地3,2,2
板橋区,東坂下２丁目,沖積低地3,1,1
板橋区,東山町,台地1,2,3
板橋区,富士見町,台地1,2,3
板橋区,双葉町,台地1,2,2
板橋区,舟渡１丁目,沖積低地3,2,1
板橋区,舟渡２丁目,沖積低地4,3,2
板橋区,舟渡３丁目,沖積低地3,2,1
板橋区,舟渡４丁目,沖積低地3,1,1
板橋区,本町,台地1,2,3
板橋区,前野町１丁目,台地1,2,1
板橋区,前野町２丁目,台地1,2,2
板橋区,前野町３丁目,台地1,2,2
板橋区,前野町４丁目,谷底低地3,2,2
板橋区,前野町５丁目,台地1,2,1
板橋区,前野町６丁目,台地1,2,2
板橋区,三園１丁目,沖積低地2,2,2
板橋区,三園２丁目,沖積低地3,1,1
板橋区,南町,台地1,2,2
板橋区,南常盤台１丁目,谷底低地2,2,1
板橋区,南常盤台２丁目,台地1,2,2
板橋区,宮本町,台地1,3,3
板橋区,向原１丁目,台地1,2,1
板橋区,向原２丁目,台地1,2,2
板橋区,向原３丁目,谷底低地2,1,1
板橋区,大和町,台地1,3,3
板橋区,弥生町,台地1,3,3
板橋区,四葉１丁目,台地1,2,1
板橋区,四葉２丁目,台地1,1,1
板橋区,若木１丁目,台地1,2,3
板橋区,若木２丁目,台地1,2,3
板橋区,若木３丁目,谷底低地3,2,2
練馬区,旭丘１丁目,台地1,2,3
練馬区,旭丘２丁目,台地1,2,3
練馬区,旭町１丁目,台地1,2,3
練馬区,旭町２丁目,台地1,2,2
練馬区,旭町３丁目,台地1,2,2
練馬区,大泉学園町１丁目,台地1,2,3
練馬区,大泉学園町２丁目,台地1,1,2
練馬区,大泉学園町３丁目,台地1,1,2
練馬区,大泉学園町４丁目,台地1,2,3
練馬区,大泉学園町５丁目,台地1,2,3
練馬区,大泉学園町６丁目,台地1,2,3
練馬区,大泉学園町７丁目,台地1,2,2
練馬区,大泉学園町８丁目,台地1,2,3
練馬区,大泉学園町９丁目,台地1,1,1
練馬区,大泉町１丁目,台地1,2,2
練馬区,大泉町２丁目,台地1,2,3
練馬区,大泉町３丁目,台地1,2,3
練馬区,大泉町４丁目,台地1,2,2
練馬区,大泉町５丁目,台地1,2,3
練馬区,大泉町６丁目,台地1,2,3
練馬区,春日町１丁目,台地1,1,2
練馬区,春日町２丁目,台地1,2,3
練馬区,春日町３丁目,台地1,2,2
練馬区,春日町４丁目,台地1,2,4
練馬区,春日町５丁目,台地1,2,2
練馬区,春日町６丁目,台地1,2,2
練馬区,上石神井１丁目,台地1,2,3
練馬区,上石神井２丁目,台地1,2,2
練馬区,上石神井３丁目,台地1,1,2
練馬区,上石神井４丁目,台地1,1,2
練馬区,北町１丁目,台地1,2,2
練馬区,北町２丁目,台地1,2,1
練馬区,北町３丁目,台地1,1,2
練馬区,北町４丁目,台地1,1,1
練馬区,北町５丁目,台地1,2,2
練馬区,北町６丁目,台地1,1,1
練馬区,北町７丁目,台地1,2,2
練馬区,北町８丁目,谷底低地2,2,3
練馬区,向山１丁目,台地1,1,1
練馬区,向山２丁目,台地1,2,2
練馬区,向山３丁目,台地1,2,3
練馬区,向山４丁目,谷底低地2,3,3
練馬区,小竹町１丁目,台地1,2,3
練馬区,小竹町２丁目,台地1,2,2
練馬区,栄町,台地1,2,2
練馬区,桜台１丁目,台地1,2,3
練馬区,桜台２丁目,台地1,2,4
練馬区,桜台３丁目,台地1,2,2
練馬区,桜台４丁目,台地1,2,3
練馬区,桜台５丁目,台地1,2,3
練馬区,桜台６丁目,台地1,2,3
練馬区,下石神井１丁目,台地1,2,3
練馬区,下石神井２丁目,台地1,2,3
練馬区,下石神井３丁目,谷底低地1,2,3
練馬区,下石神井４丁目,台地1,2,3
練馬区,下石神井５丁目,台地1,2,3
練馬区,下石神井６丁目,谷底低地1,2,3
練馬区,石神井台１丁目,台地1,1,1
練馬区,石神井台２丁目,台地1,2,4
練馬区,石神井台３丁目,台地1,1,2
練馬区,石神井台４丁目,台地1,1,1
練馬区,石神井台５丁目,台地1,2,3
練馬区,石神井台６丁目,台地1,2,2
練馬区,石神井台７丁目,台地1,2,2
練馬区,石神井台８丁目,台地1,2,3
練馬区,石神井町１丁目,台地1,1,2
練馬区,石神井町２丁目,台地1,1,2
練馬区,石神井町３丁目,台地1,2,2
練馬区,石神井町４丁目,台地1,2,3
練馬区,石神井町５丁目,谷底低地2,1,1
練馬区,石神井町６丁目,台地1,2,2
練馬区,石神井町７丁目,台地1,2,3
練馬区,石神井町８丁目,台地1,2,3
練馬区,関町北１丁目,台地1,2,1
練馬区,関町北２丁目,台地1,2,1
練馬区,関町北３丁目,台地1,1,2
練馬区,関町北４丁目,台地1,1,1
練馬区,関町北５丁目,台地1,1,2
練馬区,高野台１丁目,谷底低地2,1,1
練馬区,高野台２丁目,谷底低地2,1,1
練馬区,高野台３丁目,台地1,2,2
練馬区,高野台４丁目,台地1,1,2
練馬区,高野台５丁目,台地1,1,3
練馬区,高松１丁目,台地1,2,1
練馬区,高松２丁目,谷底低地2,1,2
練馬区,高松３丁目,谷底低地2,1,1
練馬区,高松４丁目,台地1,2,2
練馬区,高松５丁目,台地1,1,1
練馬区,高松６丁目,台地1,1,1
練馬区,田柄１丁目,台地1,2,3
練馬区,田柄２丁目,台地1,2,3
練馬区,田柄３丁目,台地1,2,3
練馬区,田柄４丁目,台地1,2,3
練馬区,田柄５丁目,台地1,1,2
練馬区,立野町,台地1,1,3
練馬区,豊玉上１丁目,台地1,1,1
練馬区,豊玉上２丁目,台地1,1,1
練馬区,豊玉北１丁目,台地1,1,1
練馬区,豊玉北２丁目,台地1,1,1
練馬区,豊玉北３丁目,台地1,1,1
練馬区,豊玉北４丁目,台地1,2,2
練馬区,豊玉北５丁目,台地1,2,1
練馬区,豊玉北６丁目,台地1,1,1
練馬区,豊玉中１丁目,谷底低地2,2,3
練馬区,豊玉中２丁目,台地1,2,2
練馬区,豊玉中３丁目,谷底低地1,2,2
練馬区,豊玉中４丁目,台地1,1,1
練馬区,豊玉南１丁目,台地1,2,2
練馬区,豊玉南２丁目,谷底低地2,2,1
練馬区,豊玉南３丁目,谷底低地1,1,1
練馬区,土支田１丁目,台地1,2,2
練馬区,土支田２丁目,台地1,1,2
練馬区,土支田３丁目,台地1,2,3
練馬区,土支田４丁目,台地1,2,2
練馬区,中村１丁目,台地1,2,2
練馬区,中村２丁目,谷底低地2,2,2
練馬区,中村３丁目,台地1,2,1
練馬区,中村北１丁目,台地1,1,1
練馬区,中村北２丁目,台地1,1,1
練馬区,中村北３丁目,台地1,2,3
練馬区,中村北４丁目,台地1,1,1
練馬区,中村南１丁目,台地1,1,2
練馬区,中村南２丁目,谷底低地2,2,1
練馬区,中村南３丁目,台地1,1,2
練馬区,西大泉１丁目,台地1,2,3
練馬区,西大泉２丁目,台地1,2,2
練馬区,西大泉３丁目,台地1,2,2
練馬区,西大泉４丁目,台地1,2,2
練馬区,西大泉５丁目,台地1,2,3
練馬区,西大泉６丁目,台地1,2,3
練馬区,西大泉町,谷底低地1,1,1
練馬区,錦１丁目,谷底低地2,2,3
練馬区,錦２丁目,台地1,1,2
練馬区,貫井１丁目,台地1,2,1
練馬区,貫井２丁目,台地1,2,2
練馬区,貫井３丁目,台地1,2,3
練馬区,貫井４丁目,台地1,2,3
練馬区,貫井５丁目,台地1,2,2
練馬区,練馬１丁目,台地1,2,2
練馬区,練馬２丁目,台地1,2,2
練馬区,練馬３丁目,台地1,2,2
練馬区,練馬４丁目,台地1,2,2
練馬区,羽沢１丁目,台地1,2,3
練馬区,羽沢２丁目,台地1,2,3
練馬区,羽沢３丁目,谷底低地2,1,1
練馬区,早宮１丁目,台地1,2,3
練馬区,早宮２丁目,台地1,1,2
練馬区,早宮３丁目,台地1,2,3
練馬区,早宮４丁目,台地1,1,2
練馬区,光が丘１丁目,台地1,1,1
練馬区,光が丘２丁目,台地1,1,1
練馬区,光が丘３丁目,台地1,1,1
練馬区,光が丘４丁目,台地1,1,1
練馬区,光が丘５丁目,台地1,1,1
練馬区,光が丘６丁目,台地1,1,1
練馬区,光が丘７丁目,台地1,1,1
練馬区,氷川台１丁目,台地1,1,1
練馬区,氷川台２丁目,台地1,2,2
練馬区,氷川台３丁目,谷底低地2,2,1
練馬区,氷川台４丁目,台地1,2,3
練馬区,東大泉１丁目,台地1,1,2
練馬区,東大泉２丁目,台地1,1,2
練馬区,東大泉３丁目,台地1,2,2
練馬区,東大泉４丁目,谷底低地2,2,2
練馬区,東大泉５丁目,台地1,1,2
練馬区,東大泉６丁目,台地1,2,2
練馬区,東大泉７丁目,台地1,2,3
練馬区,富士見台１丁目,台地1,2,3
練馬区,富士見台２丁目,台地1,2,4
練馬区,富士見台３丁目,台地1,2,3
練馬区,富士見台４丁目,台地1,2,2
練馬区,平和台１丁目,台地1,2,3
練馬区,平和台２丁目,谷底低地1,2,2
練馬区,平和台３丁目,台地1,1,1
練馬区,平和台４丁目,台地1,1,1
練馬区,南大泉１丁目,台地1,2,3
練馬区,南大泉２丁目,台地1,2,4
練馬区,南大泉３丁目,谷底低地1,2,2
練馬区,南大泉４丁目,台地1,2,4
練馬区,南大泉５丁目,台地1,2,2
練馬区,南大泉６丁目,台地1,2,3
練馬区,南田中１丁目,台地1,2,2
練馬区,南田中２丁目,台地1,1,2
練馬区,南田中３丁目,台地1,1,2
練馬区,南田中４丁目,台地1,2,3
練馬区,南田中５丁目,台地1,1,2
練馬区,三原台１丁目,台地1,2,4
練馬区,三原台２丁目,台地1,1,3
練馬区,三原台３丁目,台地1,2,3
練馬区,谷原１丁目,台地1,1,1
練馬区,谷原２丁目,台地1,2,2
練馬区,谷原３丁目,台地1,2,2
練馬区,谷原４丁目,台地1,1,2
練馬区,谷原５丁目,台地1,1,2
練馬区,谷原６丁目,台地1,2,3
練馬区,上石神井南町,台地1,2,3
練馬区,関町南１丁目,台地1,2,2
練馬区,関町南２丁目,谷底低地1,2,3
練馬区,関町南３丁目,台地1,2,2
練馬区,関町南４丁目,台地1,1,2
練馬区,関町東１丁目,台地1,2,3
練馬区,関町東２丁目,台地1,2,1
足立区,青井１丁目,沖積低地5,3,3
足立区,青井２丁目,沖積低地4,4,4
足立区,青井３丁目,沖積低地5,3,3
足立区,青井４丁目,沖積低地5,3,3
足立区,青井５丁目,沖積低地5,2,2
足立区,青井６丁目,沖積低地5,3,3
足立区,足立１丁目,沖積低地4,4,4
足立区,足立２丁目,沖積低地4,4,4
足立区,足立３丁目,沖積低地4,4,3
足立区,足立４丁目,沖積低地4,4,4
足立区,綾瀬１丁目,沖積低地4,3,3
足立区,綾瀬２丁目,沖積低地4,3,2
足立区,綾瀬３丁目,沖積低地4,2,1
足立区,綾瀬４丁目,沖積低地4,3,2
足立区,綾瀬５丁目,沖積低地4,3,2
足立区,綾瀬６丁目,沖積低地5,3,2
足立区,綾瀬７丁目,沖積低地5,3,2
足立区,入谷町,沖積低地4,1,1
足立区,梅島１丁目,沖積低地5,4,3
足立区,梅島２丁目,沖積低地5,3,2
足立区,梅島３丁目,沖積低地5,4,4
足立区,梅田１丁目,沖積低地4,4,3
足立区,梅田２丁目,沖積低地4,4,4
足立区,梅田３丁目,沖積低地5,4,4
足立区,梅田４丁目,沖積低地5,4,3
足立区,梅田５丁目,沖積低地5,4,4
足立区,梅田６丁目,沖積低地5,4,3
足立区,梅田７丁目,沖積低地4,3,3
足立区,梅田８丁目,沖積低地5,3,3
足立区,扇１丁目,沖積低地4,3,3
足立区,扇２丁目,沖積低地4,2,2
足立区,扇３丁目,沖積低地5,3,2
足立区,大谷田１丁目,沖積低地5,3,2
足立区,大谷田２丁目,沖積低地5,2,2
足立区,大谷田３丁目,沖積低地5,3,2
足立区,大谷田４丁目,沖積低地5,3,2
足立区,大谷田５丁目,沖積低地5,3,2
足立区,興野１丁目,沖積低地4,4,4
足立区,興野２丁目,沖積低地4,4,4
足立区,小台１丁目,沖積低地4,2,1
足立区,小台２丁目,沖積低地4,4,4
足立区,加賀１丁目,沖積低地4,3,3
足立区,加賀２丁目,沖積低地4,2,2
足立区,加平１丁目,沖積低地5,3,2
足立区,加平２丁目,沖積低地5,2,1
足立区,加平３丁目,沖積低地5,2,1
足立区,北加平町,沖積低地4,3,3
足立区,栗原１丁目,沖積低地4,3,3
足立区,栗原２丁目,沖積低地4,3,2
足立区,栗原３丁目,沖積低地4,3,2
足立区,栗原４丁目,沖積低地4,2,1
足立区,弘道１丁目,沖積低地4,3,3
足立区,弘道２丁目,沖積低地4,3,2
足立区,江北１丁目,沖積低地5,2,2
足立区,江北２丁目,沖積低地4,3,4
足立区,江北３丁目,沖積低地5,3,3
足立区,江北４丁目,沖積低地5,3,2
足立区,江北５丁目,沖積低地5,1,1
足立区,江北６丁目,沖積低地4,2,1
足立区,江北７丁目,沖積低地5,2,2
足立区,古千谷１丁目,沖積低地4,1,1
足立区,古千谷２丁目,沖積低地4,1,1
足立区,佐野１丁目,沖積低地5,2,2
足立区,佐野２丁目,沖積低地5,3,2
足立区,皿沼１丁目,沖積低地4,3,2
足立区,皿沼２丁目,沖積低地4,2,2
足立区,皿沼３丁目,沖積低地4,3,2
足立区,鹿浜１丁目,沖積低地5,2,1
足立区,鹿浜２丁目,沖積低地5,2,2
足立区,鹿浜３丁目,沖積低地5,3,2
足立区,鹿浜４丁目,沖積低地5,3,3
足立区,鹿浜５丁目,沖積低地4,2,2
足立区,鹿浜６丁目,沖積低地4,3,3
足立区,鹿浜７丁目,沖積低地4,3,2
足立区,鹿浜８丁目,沖積低地4,3,2
足立区,島根１丁目,沖積低地5,3,3
足立区,島根２丁目,沖積低地4,3,3
足立区,島根３丁目,沖積低地5,3,2
足立区,島根４丁目,沖積低地4,3,2
足立区,新田１丁目,沖積低地5,3,2
足立区,新田２丁目,沖積低地4,3,2
足立区,新田３丁目,沖積低地4,3,2
足立区,神明１丁目,沖積低地4,3,2
足立区,神明２丁目,沖積低地4,3,2
足立区,神明３丁目,沖積低地4,3,3
足立区,神明南１丁目,沖積低地4,3,3
足立区,神明南２丁目,沖積低地4,3,3
足立区,関原１丁目,沖積低地5,4,4
足立区,関原２丁目,沖積低地5,5,5
足立区,関原３丁目,沖積低地5,5,5
足立区,千住１丁目,沖積低地4,4,3
足立区,千住２丁目,沖積低地4,4,3
足立区,千住３丁目,沖積低地4,4,3
足立区,千住４丁目,沖積低地4,5,5
足立区,千住５丁目,沖積低地4,4,4
足立区,千住曙町,沖積低地4,3,2
足立区,千住旭町,沖積低地4,4,4
足立区,千住大川町,沖積低地4,5,5
足立区,千住河原町,沖積低地4,4,3
足立区,千住寿町,沖積低地4,5,5
足立区,千住関屋町,沖積低地4,1,1
足立区,千住龍田町,沖積低地4,5,5
足立区,千住中居町,沖積低地4,4,4
足立区,千住仲町,沖積低地4,4,5
足立区,千住橋戸町,沖積低地4,2,2
足立区,千住宮元町,沖積低地4,4,4
足立区,千住元町,沖積低地5,5,5
足立区,千住柳町,沖積低地4,5,5
足立区,千住東１丁目,沖積低地4,4,4
足立区,千住東２丁目,沖積低地4,4,4
足立区,千住桜木１丁目,沖積低地5,2,1
足立区,千住桜木２丁目,沖積低地4,3,2
足立区,千住緑町１丁目,沖積低地4,2,1
足立区,千住緑町２丁目,沖積低地4,4,4
足立区,千住緑町３丁目,沖積低地4,4,4
足立区,竹の塚１丁目,沖積低地4,2,1
足立区,竹の塚２丁目,沖積低地4,3,2
足立区,竹の塚３丁目,沖積低地4,2,2
足立区,竹の塚４丁目,沖積低地4,2,1
足立区,竹の塚５丁目,沖積低地4,3,2
足立区,竹の塚６丁目,沖積低地4,2,1
足立区,竹の塚７丁目,沖積低地4,2,2
足立区,辰沼１丁目,沖積低地4,2,2
足立区,辰沼２丁目,沖積低地4,3,3
足立区,中央本町１丁目,沖積低地4,2,1
足立区,中央本町２丁目,沖積低地4,3,2
足立区,中央本町３丁目,沖積低地4,3,2
足立区,中央本町４丁目,沖積低地5,3,3
足立区,中央本町５丁目,沖積低地5,3,3
足立区,椿１丁目,沖積低地5,2,1
足立区,椿２丁目,沖積低地5,4,3
足立区,東和１丁目,沖積低地5,3,2
足立区,東和２丁目,沖積低地4,3,3
足立区,東和３丁目,沖積低地5,3,3
足立区,東和４丁目,沖積低地5,3,3
足立区,東和５丁目,沖積低地5,3,2
足立区,舎人１丁目,沖積低地4,3,2
足立区,舎人２丁目,沖積低地4,3,3
足立区,舎人３丁目,沖積低地4,4,3
足立区,舎人４丁目,沖積低地4,3,3
足立区,舎人５丁目,沖積低地4,3,3
足立区,舎人６丁目,沖積低地4,2,1
足立区,舎人町,沖積低地4,1,1
足立区,中川１丁目,沖積低地5,3,3
足立区,中川２丁目,沖積低地5,4,5
足立区,中川３丁目,沖積低地5,4,4
足立区,中川４丁目,沖積低地4,3,2
足立区,中川５丁目,沖積低地5,2,2
足立区,西綾瀬１丁目,沖積低地4,3,3
足立区,西綾瀬２丁目,沖積低地4,3,3
足立区,西綾瀬３丁目,沖積低地4,3,3
足立区,西綾瀬４丁目,沖積低地4,2,2
足立区,西新井１丁目,沖積低地4,3,2
足立区,西新井２丁目,沖積低地4,3,2
足立区,西新井３丁目,沖積低地4,2,2
足立区,西新井４丁目,沖積低地4,3,3
足立区,西新井５丁目,沖積低地4,3,2
足立区,西新井６丁目,沖積低地4,3,3
足立区,西新井７丁目,沖積低地4,2,1
足立区,西新井栄町１丁目,沖積低地5,3,3
足立区,西新井栄町２丁目,沖積低地5,3,3
足立区,西新井栄町３丁目,沖積低地5,4,4
足立区,西新井本町１丁目,沖積低地5,4,4
足立区,西新井本町２丁目,沖積低地5,2,2
足立区,西新井本町３丁目,沖積低地5,4,4
足立区,西新井本町４丁目,沖積低地4,3,4
足立区,西新井本町５丁目,沖積低地5,4,3
足立区,西伊興町,沖積低地4,1,1
足立区,西加平１丁目,沖積低地5,1,1
足立区,西加平２丁目,沖積低地4,1,1
足立区,西保木間１丁目,沖積低地4,3,3
足立区,西保木間２丁目,沖積低地4,2,1
足立区,西保木間３丁目,沖積低地4,2,1
足立区,西保木間４丁目,沖積低地4,1,1
足立区,花畑１丁目,沖積低地4,2,2
足立区,花畑２丁目,沖積低地4,2,1
足立区,花畑３丁目,沖積低地4,3,2
足立区,花畑４丁目,沖積低地4,3,2
足立区,花畑５丁目,沖積低地4,1,1
足立区,花畑６丁目,沖積低地4,2,1
足立区,花畑７丁目,沖積低地4,2,2
足立区,花畑８丁目,沖積低地4,1,1
足立区,東綾瀬１丁目,沖積低地5,3,2
足立区,東綾瀬２丁目,沖積低地5,2,1
足立区,東綾瀬３丁目,沖積低地5,2,1
足立区,東保木間１丁目,沖積低地4,2,2
足立区,東保木間２丁目,沖積低地4,2,2
足立区,東六月町,沖積低地4,3,2
足立区,一ツ家１丁目,沖積低地4,3,2
足立区,一ツ家２丁目,沖積低地4,3,2
足立区,一ツ家３丁目,沖積低地4,3,2
足立区,一ツ家４丁目,沖積低地4,2,2
足立区,日ノ出町,沖積低地4,4,5
足立区,平野１丁目,沖積低地4,3,2
足立区,平野２丁目,沖積低地4,3,2
足立区,平野３丁目,沖積低地4,3,3
足立区,保木間１丁目,沖積低地4,2,2
足立区,保木間２丁目,沖積低地4,3,2
足立区,保木間３丁目,沖積低地4,3,2
足立区,保木間４丁目,沖積低地4,3,2
足立区,保木間５丁目,沖積低地4,3,2
足立区,保塚町,沖積低地4,3,3
足立区,堀之内１丁目,沖積低地4,2,1
足立区,堀之内２丁目,沖積低地5,2,1
足立区,南花畑１丁目,沖積低地4,3,3
足立区,南花畑２丁目,沖積低地4,3,2
足立区,南花畑３丁目,沖積低地4,3,2
足立区,南花畑４丁目,沖積低地4,2,2
足立区,南花畑５丁目,沖積低地4,1,1
足立区,宮城１丁目,沖積低地3,3,2
足立区,宮城２丁目,沖積低地3,2,1
足立区,六木１丁目,沖積低地4,2,2
足立区,六木２丁目,沖積低地5,1,2
足立区,六木３丁目,沖積低地4,2,2
足立区,六木４丁目,沖積低地4,4,4
足立区,本木１丁目,沖積低地5,4,3
足立区,本木２丁目,沖積低地5,5,4
足立区,本木北町,沖積低地4,4,4
足立区,本木西町,沖積低地4,4,3
足立区,本木東町,沖積低地4,5,5
足立区,本木南町,沖積低地4,4,4
足立区,谷在家１丁目,沖積低地4,3,2
足立区,谷在家２丁目,沖積低地4,2,2
足立区,谷在家３丁目,沖積低地4,2,2
足立区,谷中１丁目,沖積低地5,3,2
足立区,谷中２丁目,沖積低地5,2,1
足立区,谷中３丁目,沖積低地5,3,2
足立区,谷中４丁目,沖積低地5,2,1
足立区,谷中５丁目,沖積低地5,2,2
足立区,柳原１丁目,沖積低地4,5,5
足立区,柳原２丁目,沖積低地4,5,5
足立区,六月１丁目,沖積低地4,3,2
足立区,六月２丁目,沖積低地4,3,2
足立区,六月３丁目,沖積低地4,3,2
足立区,六町１丁目,沖積低地4,2,2
足立区,六町２丁目,沖積低地4,3,2
足立区,六町３丁目,沖積低地4,3,2
足立区,六町４丁目,沖積低地4,2,2
足立区,入谷１丁目,沖積低地4,2,1
足立区,入谷２丁目,沖積低地4,2,1
足立区,入谷３丁目,沖積低地4,2,2
足立区,入谷４丁目,沖積低地4,2,2
足立区,入谷５丁目,沖積低地4,2,1
足立区,入谷６丁目,沖積低地4,1,1
足立区,入谷７丁目,沖積低地4,2,1
足立区,入谷８丁目,沖積低地4,2,1
足立区,入谷９丁目,沖積低地4,2,1
足立区,伊興１丁目,沖積低地4,3,3
足立区,伊興２丁目,沖積低地4,3,2
足立区,伊興３丁目,沖積低地4,3,2
足立区,伊興４丁目,沖積低地4,3,2
足立区,伊興５丁目,沖積低地4,3,2
足立区,西伊興１丁目,沖積低地4,3,3
足立区,西伊興２丁目,沖積低地4,3,3
足立区,西伊興３丁目,沖積低地4,3,3
足立区,西伊興４丁目,沖積低地4,3,3
足立区,西竹の塚１丁目,沖積低地4,2,1
足立区,西竹の塚２丁目,沖積低地4,3,3
足立区,東伊興１丁目,沖積低地4,3,2
足立区,東伊興２丁目,沖積低地4,3,3
足立区,東伊興３丁目,沖積低地4,3,2
足立区,東伊興４丁目,沖積低地4,3,2
足立区,古千谷本町１丁目,沖積低地4,3,2
足立区,古千谷本町２丁目,沖積低地4,3,2
足立区,古千谷本町３丁目,沖積低地4,4,3
足立区,古千谷本町４丁目,沖積低地4,3,2
足立区,舎人公園,沖積低地4,1,1
足立区,伊興本町１丁目,沖積低地4,3,2
足立区,伊興本町２丁目,沖積低地4,3,2
葛飾区,青戸１丁目,沖積低地5,4,3
葛飾区,青戸２丁目,沖積低地5,4,4
葛飾区,青戸３丁目,沖積低地5,3,2
葛飾区,青戸４丁目,沖積低地4,3,2
葛飾区,青戸５丁目,沖積低地4,3,3
葛飾区,青戸６丁目,沖積低地5,3,4
葛飾区,青戸７丁目,沖積低地4,3,2
葛飾区,青戸８丁目,沖積低地5,3,2
葛飾区,奥戸１丁目,沖積低地5,3,2
葛飾区,奥戸２丁目,沖積低地5,4,4
葛飾区,奥戸３丁目,沖積低地5,4,3
葛飾区,奥戸４丁目,沖積低地5,3,2
葛飾区,奥戸５丁目,沖積低地5,3,2
葛飾区,奥戸６丁目,沖積低地5,3,2
葛飾区,奥戸７丁目,沖積低地5,2,2
葛飾区,奥戸８丁目,沖積低地5,2,2
葛飾区,奥戸９丁目,沖積低地5,3,2
葛飾区,お花茶屋１丁目,沖積低地5,4,3
葛飾区,お花茶屋２丁目,沖積低地5,4,4
葛飾区,お花茶屋３丁目,沖積低地5,3,3
葛飾区,金町１丁目,沖積低地4,2,2
葛飾区,金町２丁目,沖積低地5,3,3
葛飾区,金町３丁目,沖積低地3,3,4
葛飾区,金町４丁目,沖積低地5,3,4
葛飾区,金町５丁目,沖積低地5,4,4
葛飾区,金町６丁目,沖積低地4,2,1
葛飾区,金町浄水場,沖積低地5,1,1
葛飾区,鎌倉１丁目,沖積低地3,3,3
葛飾区,鎌倉２丁目,沖積低地4,4,3
葛飾区,鎌倉３丁目,沖積低地3,3,3
葛飾区,鎌倉４丁目,沖積低地2,3,5
葛飾区,亀有１丁目,沖積低地5,2,2
葛飾区,亀有２丁目,沖積低地5,3,4
葛飾区,亀有３丁目,沖積低地4,3,2
葛飾区,亀有４丁目,沖積低地4,3,2
葛飾区,亀有５丁目,沖積低地4,4,3
葛飾区,小菅１丁目,沖積低地4,2,3
葛飾区,小菅２丁目,沖積低地5,4,4
葛飾区,小菅３丁目,沖積低地5,3,3
葛飾区,小菅４丁目,沖積低地4,3,2
葛飾区,柴又１丁目,沖積低地5,4,4
葛飾区,柴又２丁目,沖積低地5,3,3
葛飾区,柴又３丁目,沖積低地5,3,3
葛飾区,柴又４丁目,沖積低地5,4,4
葛飾区,柴又５丁目,沖積低地2,3,2
葛飾区,柴又６丁目,沖積低地2,3,3
葛飾区,柴又７丁目,沖積低地2,3,3
葛飾区,白鳥１丁目,沖積低地5,3,2
葛飾区,白鳥２丁目,沖積低地5,3,2
葛飾区,白鳥３丁目,沖積低地5,3,2
葛飾区,白鳥４丁目,沖積低地5,2,2
葛飾区,新小岩１丁目,沖積低地5,4,4
葛飾区,新小岩２丁目,沖積低地4,4,4
葛飾区,新小岩３丁目,沖積低地5,4,5
葛飾区,新小岩４丁目,沖積低地5,5,4
葛飾区,高砂１丁目,沖積低地5,3,2
葛飾区,高砂２丁目,沖積低地5,3,3
葛飾区,高砂３丁目,沖積低地5,4,4
葛飾区,高砂４丁目,沖積低地4,1,1
葛飾区,高砂５丁目,沖積低地5,3,4
葛飾区,高砂６丁目,沖積低地4,3,3
葛飾区,高砂７丁目,沖積低地4,3,2
葛飾区,高砂８丁目,沖積低地5,5,4
葛飾区,宝町１丁目,沖積低地4,4,3
葛飾区,宝町２丁目,沖積低地5,4,4
葛飾区,立石１丁目,沖積低地5,5,3
葛飾区,立石２丁目,沖積低地4,4,3
葛飾区,立石３丁目,沖積低地5,4,3
葛飾区,立石４丁目,沖積低地5,4,5
葛飾区,立石５丁目,沖積低地5,3,2
葛飾区,立石６丁目,沖積低地5,3,3
葛飾区,立石７丁目,沖積低地5,4,3
葛飾区,立石８丁目,沖積低地5,4,3
葛飾区,新宿１丁目,沖積低地4,3,3
葛飾区,新宿２丁目,沖積低地5,4,3
葛飾区,新宿３丁目,沖積低地4,2,2
葛飾区,新宿４丁目,沖積低地5,3,2
葛飾区,新宿５丁目,沖積低地5,3,3
葛飾区,新宿６丁目,沖積低地5,1,1
葛飾区,西亀有１丁目,沖積低地5,2,2
葛飾区,西亀有２丁目,沖積低地5,3,2
葛飾区,西亀有３丁目,沖積低地4,3,3
葛飾区,西亀有４丁目,沖積低地4,4,3
葛飾区,西新小岩１丁目,沖積低地5,1,1
葛飾区,西新小岩２丁目,沖積低地5,1,1
葛飾区,西新小岩３丁目,沖積低地5,4,4
葛飾区,西新小岩４丁目,沖積低地5,4,4
葛飾区,西新小岩５丁目,沖積低地5,4,5
葛飾区,西水元１丁目,沖積低地5,3,3
葛飾区,西水元２丁目,沖積低地5,3,3
葛飾区,西水元３丁目,沖積低地5,3,3
葛飾区,西水元４丁目,沖積低地5,3,2
葛飾区,西水元５丁目,沖積低地4,2,2
葛飾区,西水元６丁目,沖積低地4,3,3
葛飾区,東金町１丁目,沖積低地4,2,1
葛飾区,東金町２丁目,沖積低地4,3,2
葛飾区,東金町３丁目,沖積低地3,4,4
葛飾区,東金町４丁目,沖積低地3,3,3
葛飾区,東金町５丁目,沖積低地3,3,3
葛飾区,東金町６丁目,沖積低地3,3,3
葛飾区,東金町７丁目,沖積低地3,3,2
葛飾区,東金町８丁目,沖積低地3,2,2
葛飾区,東新小岩１丁目,沖積低地5,2,2
葛飾区,東新小岩２丁目,沖積低地5,2,2
葛飾区,東新小岩３丁目,沖積低地5,3,2
葛飾区,東新小岩４丁目,沖積低地5,3,3
葛飾区,東新小岩５丁目,沖積低地5,4,4
葛飾区,東新小岩６丁目,沖積低地5,4,4
葛飾区,東新小岩７丁目,沖積低地5,4,3
葛飾区,東新小岩８丁目,沖積低地5,4,3
葛飾区,東立石１丁目,沖積低地5,3,2
葛飾区,東立石２丁目,沖積低地5,4,3
葛飾区,東立石３丁目,沖積低地4,4,3
葛飾区,東立石４丁目,沖積低地5,4,5
葛飾区,東堀切１丁目,沖積低地5,4,4
葛飾区,東堀切２丁目,沖積低地5,3,3
葛飾区,東堀切３丁目,沖積低地5,3,2
葛飾区,東水元１丁目,沖積低地3,3,3
葛飾区,東水元２丁目,沖積低地3,2,2
葛飾区,東水元３丁目,沖積低地3,3,2
葛飾区,東水元４丁目,沖積低地3,2,2
葛飾区,東水元５丁目,沖積低地3,2,2
葛飾区,東水元６丁目,沖積低地3,2,2
葛飾区,東四つ木１丁目,沖積低地4,3,2
葛飾区,東四つ木２丁目,沖積低地5,3,2
葛飾区,東四つ木３丁目,沖積低地4,5,5
葛飾区,東四つ木４丁目,沖積低地4,4,5
葛飾区,細田１丁目,沖積低地5,3,3
葛飾区,細田２丁目,沖積低地5,3,2
葛飾区,細田３丁目,沖積低地5,3,2
葛飾区,細田４丁目,沖積低地5,3,3
葛飾区,細田５丁目,沖積低地5,4,3
葛飾区,堀切１丁目,沖積低地4,4,3
葛飾区,堀切２丁目,沖積低地4,5,4
葛飾区,堀切３丁目,沖積低地4,4,3
葛飾区,堀切４丁目,沖積低地4,4,4
葛飾区,堀切５丁目,沖積低地5,5,5
葛飾区,堀切６丁目,沖積低地5,4,4
葛飾区,堀切７丁目,沖積低地5,4,4
葛飾区,堀切８丁目,沖積低地5,3,3
葛飾区,水元１丁目,沖積低地3,2,2
葛飾区,水元２丁目,沖積低地3,3,3
葛飾区,水元３丁目,沖積低地3,3,2
葛飾区,水元４丁目,沖積低地3,3,3
葛飾区,水元５丁目,沖積低地3,3,2
葛飾区,水元公園,沖積低地3,1,1
葛飾区,南水元１丁目,沖積低地5,3,3
葛飾区,南水元２丁目,沖積低地5,3,3
葛飾区,南水元３丁目,沖積低地4,1,1
葛飾区,南水元４丁目,沖積低地4,3,3
葛飾区,四つ木１丁目,沖積低地4,4,4
葛飾区,四つ木２丁目,沖積低地4,4,4
葛飾区,四つ木３丁目,沖積低地4,4,3
葛飾区,四つ木４丁目,沖積低地4,4,4
葛飾区,四つ木５丁目,沖積低地5,3,2
江戸川区,一之江１丁目,沖積低地3,3,3
江戸川区,一之江２丁目,沖積低地3,3,3
江戸川区,一之江３丁目,沖積低地4,3,3
江戸川区,一之江４丁目,沖積低地4,4,4
江戸川区,一之江５丁目,沖積低地4,3,3
江戸川区,一之江６丁目,沖積低地5,3,2
江戸川区,一之江７丁目,沖積低地4,3,3
江戸川区,一之江８丁目,沖積低地4,3,2
江戸川区,一之江町,沖積低地5,4,2
江戸川区,宇喜田町,沖積低地5,3,4
江戸川区,江戸川１丁目,沖積低地2,4,5
江戸川区,江戸川２丁目,沖積低地2,3,3
江戸川区,江戸川３丁目,沖積低地3,3,2
江戸川区,江戸川４丁目,沖積低地3,3,3
江戸川区,江戸川５丁目,沖積低地4,3,4
江戸川区,江戸川６丁目,沖積低地5,3,3
江戸川区,興宮町,沖積低地4,4,4
江戸川区,北葛西１丁目,沖積低地5,3,3
江戸川区,北葛西２丁目,沖積低地5,3,2
江戸川区,北葛西３丁目,沖積低地5,3,2
江戸川区,北葛西４丁目,沖積低地5,2,1
江戸川区,北葛西５丁目,沖積低地5,3,2
江戸川区,北小岩１丁目,沖積低地2,2,2
江戸川区,北小岩２丁目,沖積低地2,3,3
江戸川区,北小岩３丁目,沖積低地2,3,3
江戸川区,北小岩４丁目,沖積低地2,3,3
江戸川区,北小岩５丁目,沖積低地2,3,3
江戸川区,北小岩６丁目,沖積低地2,3,3
江戸川区,北小岩７丁目,沖積低地2,3,3
江戸川区,北小岩８丁目,沖積低地2,3,3
江戸川区,小松川１丁目,沖積低地5,1,1
江戸川区,小松川２丁目,沖積低地5,1,1
江戸川区,小松川３丁目,沖積低地5,1,1
江戸川区,小松川４丁目,沖積低地5,5,4
江戸川区,鹿骨１丁目,沖積低地2,2,2
江戸川区,鹿骨２丁目,沖積低地2,2,2
江戸川区,鹿骨３丁目,沖積低地2,3,2
江戸川区,鹿骨４丁目,沖積低地2,3,2
江戸川区,鹿骨５丁目,沖積低地2,3,3
江戸川区,鹿骨６丁目,沖積低地3,3,2
江戸川区,鹿骨町,沖積低地3,2,1
江戸川区,篠崎町１丁目,沖積低地3,3,3
江戸川区,篠崎町２丁目,沖積低地3,2,2
江戸川区,篠崎町３丁目,沖積低地3,3,2
江戸川区,篠崎町４丁目,沖積低地3,3,3
江戸川区,篠崎町５丁目,沖積低地3,2,2
江戸川区,篠崎町６丁目,沖積低地2,3,3
江戸川区,篠崎町７丁目,沖積低地2,3,2
江戸川区,篠崎町８丁目,沖積低地2,2,2
江戸川区,下篠崎町,沖積低地3,4,3
江戸川区,中央１丁目,沖積低地5,3,2
江戸川区,中央２丁目,沖積低地5,4,4
江戸川区,中央３丁目,沖積低地5,3,2
江戸川区,中央４丁目,沖積低地5,3,2
江戸川区,中葛西１丁目,沖積低地5,3,3
江戸川区,中葛西２丁目,沖積低地5,3,2
江戸川区,中葛西３丁目,沖積低地5,2,2
江戸川区,中葛西４丁目,沖積低地5,2,2
江戸川区,中葛西５丁目,沖積低地5,2,2
江戸川区,中葛西６丁目,沖積低地5,2,2
江戸川区,中葛西７丁目,沖積低地5,3,2
江戸川区,中葛西８丁目,沖積低地5,3,3
江戸川区,新堀１丁目,沖積低地2,2,2
江戸川区,新堀２丁目,沖積低地2,3,2
江戸川区,西一之江１丁目,沖積低地4,3,3
江戸川区,西一之江２丁目,沖積低地4,3,2
江戸川区,西一之江３丁目,沖積低地4,3,3
江戸川区,西一之江４丁目,沖積低地5,3,3
江戸川区,西葛西１丁目,沖積低地5,3,3
江戸川区,西葛西２丁目,沖積低地5,2,1
江戸川区,西葛西３丁目,沖積低地5,2,1
江戸川区,西葛西４丁目,沖積低地5,1,1
江戸川区,西葛西５丁目,沖積低地4,1,1
江戸川区,西葛西６丁目,沖積低地4,2,1
江戸川区,西葛西７丁目,沖積低地5,2,2
江戸川区,西葛西８丁目,沖積低地5,2,2
江戸川区,西小岩１丁目,沖積低地4,4,4
江戸川区,西小岩２丁目,沖積低地5,4,3
江戸川区,西小岩３丁目,沖積低地4,4,4
江戸川区,西小岩４丁目,沖積低地3,4,4
江戸川区,西小岩５丁目,沖積低地3,3,2
江戸川区,西小松川町,沖積低地5,4,4
江戸川区,西瑞江３丁目,沖積低地3,4,5
江戸川区,西瑞江４丁目,沖積低地4,3,2
江戸川区,西瑞江５丁目,沖積低地4,3,4
江戸川区,二之江町,沖積低地5,3,3
江戸川区,春江町１丁目,沖積低地2,1,1
江戸川区,春江町２丁目,沖積低地3,2,2
江戸川区,春江町３丁目,沖積低地3,4,5
江戸川区,春江町４丁目,沖積低地4,2,1
江戸川区,春江町５丁目,沖積低地5,3,4
江戸川区,東葛西１丁目,沖積低地4,3,3
江戸川区,東葛西２丁目,沖積低地5,3,3
江戸川区,東葛西３丁目,沖積低地4,3,3
江戸川区,東葛西４丁目,沖積低地4,3,2
江戸川区,東葛西５丁目,沖積低地5,3,2
江戸川区,東葛西６丁目,沖積低地5,2,2
江戸川区,東葛西７丁目,沖積低地5,2,1
江戸川区,東葛西８丁目,沖積低地5,2,2
江戸川区,東葛西９丁目,沖積低地4,1,1
江戸川区,東小岩１丁目,沖積低地3,3,3
江戸川区,東小岩２丁目,沖積低地3,3,2
江戸川区,東小岩３丁目,沖積低地2,3,3
江戸川区,東小岩４丁目,沖積低地2,3,4
江戸川区,東小岩５丁目,沖積低地2,3,3
江戸川区,東小岩６丁目,沖積低地2,3,3
江戸川区,東小松川１丁目,沖積低地5,4,4
江戸川区,東小松川２丁目,沖積低地5,4,5
江戸川区,東小松川３丁目,沖積低地5,3,3
江戸川区,東小松川４丁目,沖積低地5,3,2
江戸川区,東篠崎町,沖積低地3,1,1
江戸川区,東瑞江１丁目,沖積低地3,2,2
江戸川区,東瑞江２丁目,沖積低地3,3,3
江戸川区,東瑞江３丁目,沖積低地3,2,1
江戸川区,平井１丁目,沖積低地5,4,4
江戸川区,平井２丁目,沖積低地4,4,5
江戸川区,平井３丁目,沖積低地4,3,2
江戸川区,平井４丁目,沖積低地5,4,3
江戸川区,平井５丁目,沖積低地5,4,3
江戸川区,平井６丁目,沖積低地5,4,4
江戸川区,平井７丁目,沖積低地5,3,3
江戸川区,船堀１丁目,沖積低地5,1,1
江戸川区,船堀２丁目,沖積低地5,3,3
江戸川区,船堀３丁目,沖積低地5,2,2
江戸川区,船堀４丁目,沖積低地5,2,1
江戸川区,船堀５丁目,沖積低地5,3,2
江戸川区,船堀６丁目,沖積低地5,3,2
江戸川区,船堀７丁目,沖積低地5,3,3
江戸川区,堀江町,沖積低地4,1,1
江戸川区,松江１丁目,沖積低地5,3,2
江戸川区,松江２丁目,沖積低地5,4,4
江戸川区,松江３丁目,沖積低地5,4,3
江戸川区,松江４丁目,沖積低地5,3,3
江戸川区,松江５丁目,沖積低地5,2,1
江戸川区,松江６丁目,沖積低地5,3,2
江戸川区,松江７丁目,沖積低地5,3,3
江戸川区,松島１丁目,沖積低地5,3,3
江戸川区,松島２丁目,沖積低地5,4,3
江戸川区,松島３丁目,沖積低地4,5,5
江戸川区,松島４丁目,沖積低地5,5,4
江戸川区,南葛西１丁目,沖積低地5,2,1
江戸川区,南葛西２丁目,沖積低地5,3,2
江戸川区,南葛西３丁目,沖積低地5,2,2
江戸川区,南葛西４丁目,沖積低地4,2,2
江戸川区,南葛西５丁目,沖積低地5,1,1
江戸川区,南葛西６丁目,沖積低地4,3,2
江戸川区,南葛西７丁目,沖積低地4,1,1
江戸川区,南小岩１丁目,沖積低地2,4,4
江戸川区,南小岩２丁目,沖積低地2,3,4
江戸川区,南小岩３丁目,沖積低地2,3,4
江戸川区,南小岩４丁目,沖積低地2,4,5
江戸川区,南小岩５丁目,沖積低地3,3,4
江戸川区,南小岩６丁目,沖積低地3,4,5
江戸川区,南小岩７丁目,沖積低地2,4,4
江戸川区,南小岩８丁目,沖積低地2,3,4
江戸川区,南篠崎町１丁目,沖積低地2,3,3
江戸川区,南篠崎町２丁目,沖積低地2,2,1
江戸川区,南篠崎町３丁目,沖積低地2,2,2
江戸川区,南篠崎町４丁目,沖積低地2,2,2
江戸川区,南篠崎町５丁目,沖積低地2,2,1
江戸川区,清新町１丁目,沖積低地4,1,1
江戸川区,清新町２丁目,沖積低地5,1,1
江戸川区,臨海町１丁目,沖積低地5,1,1
江戸川区,臨海町２丁目,沖積低地5,1,1
江戸川区,臨海町３丁目,沖積低地5,1,1
江戸川区,臨海町４丁目,沖積低地5,1,1
江戸川区,臨海町５丁目,沖積低地5,1,1
江戸川区,臨海町６丁目,沖積低地5,1,1
江戸川区,大杉１丁目,沖積低地4,3,4
江戸川区,大杉２丁目,沖積低地4,3,4
江戸川区,大杉３丁目,沖積低地3,3,3
江戸川区,大杉４丁目,沖積低地3,3,3
江戸川区,大杉５丁目,沖積低地4,4,4
江戸川区,上一色１丁目,沖積低地4,3,3
江戸川区,上一色２丁目,沖積低地4,4,3
江戸川区,上一色３丁目,沖積低地4,3,2
江戸川区,本一色１丁目,沖積低地5,3,3
江戸川区,本一色２丁目,沖積低地5,3,3
江戸川区,本一色３丁目,沖積低地5,3,4
江戸川区,松本１丁目,沖積低地4,3,4
江戸川区,松本２丁目,沖積低地4,3,3
江戸川区,東篠崎１丁目,沖積低地3,1,1
江戸川区,東篠崎２丁目,沖積低地3,1,1
江戸川区,瑞江１丁目,沖積低地2,2,2
江戸川区,瑞江２丁目,沖積低地3,2,1
江戸川区,瑞江３丁目,沖積低地3,3,3
江戸川区,瑞江４丁目,沖積低地3,2,1
江戸川区,上篠崎１丁目,沖積低地3,3,2
江戸川区,上篠崎２丁目,沖積低地3,3,3
江戸川区,上篠崎３丁目,沖積低地2,3,3
江戸川区,上篠崎４丁目,沖積低地2,2,2
江戸川区,北篠崎１丁目,沖積低地3,3,3
江戸川区,北篠崎２丁目,沖積低地3,3,3
江戸川区,谷河内１丁目,沖積低地2,2,2
江戸川区,谷河内２丁目,沖積低地2,2,2
江戸川区,東松本１丁目,沖積低地2,3,3
江戸川区,東松本２丁目,沖積低地3,3,3
江戸川区,西篠崎１丁目,沖積低地2,4,3
江戸川区,西篠崎２丁目,沖積低地2,4,5
